2026-07-01T19:35:43.823+05:30  INFO 9180 --- [aiexpensetracker] [restartedMain] c.d.a.e.t.a.AiexpensetrackerApplication  : Starting AiexpensetrackerApplication using Java 21.0.11 with PID 9180 (F:\AI-Powered Expense Tracker\aiexpensetracker\target\classes started by lenovo in F:\AI-Powered Expense Tracker\aiexpensetracker)
2026-07-01T19:35:43.851+05:30  INFO 9180 --- [aiexpensetracker] [restartedMain] c.d.a.e.t.a.AiexpensetrackerApplication  : No active profile set, falling back to 1 default profile: "default"
2026-07-01T19:35:43.967+05:30  INFO 9180 --- [aiexpensetracker] [restartedMain] .e.DevToolsPropertyDefaultsPostProcessor : Devtools property defaults active! Set 'spring.devtools.add-properties' to 'false' to disable
2026-07-01T19:35:43.969+05:30  INFO 9180 --- [aiexpensetracker] [restartedMain] .e.DevToolsPropertyDefaultsPostProcessor : For additional web related logging consider setting the 'logging.level.web' property to 'DEBUG'
2026-07-01T19:35:46.149+05:30  INFO 9180 --- [aiexpensetracker] [restartedMain] .s.d.r.c.RepositoryConfigurationDelegate : Bootstrapping Spring Data JPA repositories in DEFAULT mode.
2026-07-01T19:35:46.313+05:30  INFO 9180 --- [aiexpensetracker] [restartedMain] .s.d.r.c.RepositoryConfigurationDelegate : Finished Spring Data repository scanning in 140 ms. Found 4 JPA repository interfaces.
2026-07-01T19:35:46.871+05:30  WARN 9180 --- [aiexpensetracker] [restartedMain] o.s.core.annotation.MergedAnnotation     : Failed to introspect meta-annotation @AutoConfigureAfter on class org.zalando.logbook.autoconfigure.LogbookAutoConfiguration: java.lang.TypeNotPresentException: Type org.springframework.boot.autoconfigure.jackson.JacksonAutoConfiguration not present
2026-07-01T19:35:49.512+05:30  INFO 9180 --- [aiexpensetracker] [restartedMain] o.s.boot.tomcat.TomcatWebServer          : Tomcat initialized with port 8080 (http)
2026-07-01T19:35:49.548+05:30  INFO 9180 --- [aiexpensetracker] [restartedMain] o.apache.catalina.core.StandardService   : Starting service [Tomcat]
2026-07-01T19:35:49.549+05:30  INFO 9180 --- [aiexpensetracker] [restartedMain] o.apache.catalina.core.StandardEngine    : Starting Servlet engine: [Apache Tomcat/11.0.22]
2026-07-01T19:35:49.689+05:30  INFO 9180 --- [aiexpensetracker] [restartedMain] b.w.c.s.WebApplicationContextInitializer : Root WebApplicationContext: initialization completed in 5718 ms
2026-07-01T19:35:50.238+05:30  INFO 9180 --- [aiexpensetracker] [restartedMain] org.hibernate.orm.jpa                    : HHH008540: Processing PersistenceUnitInfo [name: default]
2026-07-01T19:35:50.385+05:30  INFO 9180 --- [aiexpensetracker] [restartedMain] org.hibernate.orm.core                   : HHH000001: Hibernate ORM core version 7.2.19.Final
2026-07-01T19:35:51.645+05:30  INFO 9180 --- [aiexpensetracker] [restartedMain] o.s.o.j.p.SpringPersistenceUnitInfo      : No LoadTimeWeaver setup: ignoring JPA class transformer
2026-07-01T19:35:51.784+05:30  INFO 9180 --- [aiexpensetracker] [restartedMain] com.zaxxer.hikari.HikariDataSource       : HikariPool-1 - Starting...
2026-07-01T19:35:52.883+05:30  INFO 9180 --- [aiexpensetracker] [restartedMain] com.zaxxer.hikari.pool.HikariPool        : HikariPool-1 - Added connection com.mysql.cj.jdbc.ConnectionImpl@169867fc
2026-07-01T19:35:52.890+05:30  INFO 9180 --- [aiexpensetracker] [restartedMain] com.zaxxer.hikari.HikariDataSource       : HikariPool-1 - Start completed.
2026-07-01T19:35:53.111+05:30  WARN 9180 --- [aiexpensetracker] [restartedMain] org.hibernate.orm.deprecation            : HHH90000025: MySQLDialect does not need to be specified explicitly using 'hibernate.dialect' (remove the property setting and it will be selected by default)
2026-07-01T19:35:53.165+05:30  INFO 9180 --- [aiexpensetracker] [restartedMain] org.hibernate.orm.connections.pooling    : HHH10001005: Database info:
	Database JDBC URL [jdbc:mysql://localhost:3306/expense_db]
	Database driver: MySQL Connector/J
	Database dialect: MySQLDialect
	Database version: 8.0.46
	Default catalog/schema: expense_db/undefined
	Autocommit mode: undefined/unknown
	Isolation level: REPEATABLE_READ [default REPEATABLE_READ]
	JDBC fetch size: none
	Pool: DataSourceConnectionProvider
	Minimum pool size: undefined/unknown
	Maximum pool size: undefined/unknown
2026-07-01T19:35:56.939+05:30  INFO 9180 --- [aiexpensetracker] [restartedMain] org.hibernate.orm.core                   : HHH000489: No JTA platform available (set 'hibernate.transaction.jta.platform' to enable JTA platform integration)
2026-07-01T19:35:57.272+05:30  INFO 9180 --- [aiexpensetracker] [restartedMain] j.LocalContainerEntityManagerFactoryBean : Initialized JPA EntityManagerFactory for persistence unit 'default'
2026-07-01T19:35:57.514+05:30  INFO 9180 --- [aiexpensetracker] [restartedMain] o.s.d.j.r.query.QueryEnhancerFactories   : Hibernate is in classpath; If applicable, HQL parser will be used.
2026-07-01T19:35:59.523+05:30 DEBUG 9180 --- [aiexpensetracker] [restartedMain] o.s.w.f.CommonsRequestLoggingFilter      : Filter 'logFilter' configured for use
2026-07-01T19:35:59.746+05:30  INFO 9180 --- [aiexpensetracker] [restartedMain] r$InitializeUserDetailsManagerConfigurer : Global AuthenticationManager configured with UserDetailsService bean with name customUserDetailsService
2026-07-01T19:36:00.057+05:30  WARN 9180 --- [aiexpensetracker] [restartedMain] JpaBaseConfiguration$JpaWebConfiguration : spring.jpa.open-in-view is enabled by default. Therefore, database queries may be performed during view rendering. Explicitly configure spring.jpa.open-in-view to disable this warning
2026-07-01T19:36:01.555+05:30  INFO 9180 --- [aiexpensetracker] [restartedMain] o.s.b.h.a.H2ConsoleAutoConfiguration     : H2 console available at '/h2-console'. Database available at 'jdbc:mysql://localhost:3306/expense_db'
2026-07-01T19:36:01.802+05:30  INFO 9180 --- [aiexpensetracker] [restartedMain] o.s.boot.tomcat.TomcatWebServer          : Tomcat started on port 8080 (http) with context path '/aiexpense'
2026-07-01T19:36:01.815+05:30  INFO 9180 --- [aiexpensetracker] [restartedMain] c.d.a.e.t.a.AiexpensetrackerApplication  : Started AiexpensetrackerApplication in 19.333 seconds (process running for 21.2)
2026-07-01T19:36:15.195+05:30  INFO 9180 --- [aiexpensetracker] [http-nio-8080-exec-7] o.a.c.c.C.[.[localhost].[/aiexpense]     : Initializing Spring DispatcherServlet 'dispatcherServlet'
2026-07-01T19:36:15.199+05:30  INFO 9180 --- [aiexpensetracker] [http-nio-8080-exec-7] o.s.web.servlet.DispatcherServlet        : Initializing Servlet 'dispatcherServlet'
2026-07-01T19:36:15.203+05:30  INFO 9180 --- [aiexpensetracker] [http-nio-8080-exec-7] o.s.web.servlet.DispatcherServlet        : Completed initialization in 4 ms
2026-07-01T19:36:15.535+05:30 TRACE 9180 --- [aiexpensetracker] [http-nio-8080-exec-7] org.zalando.logbook.Logbook              : Incoming Request: d2fd7316f6f5b5de
Remote: 0:0:0:0:0:0:0:1
POST http://localhost:8080/aiexpense/api/financeusers/register HTTP/1.1
Accept: */*
Accept-Encoding: gzip, deflate, br
Connection: keep-alive
Content-Length: 150
Content-Type: application/json
Host: localhost:8080
Postman-Token: 07486c37-cbe4-4ed4-97a8-e5319e526769
User-Agent: PostmanRuntime/7.54.0

{"firstName":"Vinayak","lastName":"Sharma","email":"vinayak12@gmail.com","password":"Vinayak@2001","role":"USER"}
2026-07-01T19:36:15.596+05:30 DEBUG 9180 --- [aiexpensetracker] [http-nio-8080-exec-7] o.s.w.f.CommonsRequestLoggingFilter      : Before request [POST /aiexpense/api/financeusers/register, headers=[User-Agent:"PostmanRuntime/7.54.0", Accept:"*/*", Postman-Token:"07486c37-cbe4-4ed4-97a8-e5319e526769", Host:"localhost:8080", Accept-Encoding:"gzip, deflate, br", Connection:"keep-alive", Content-Length:"150", Content-Type:"application/json;charset=UTF-8"]]
2026-07-01T19:36:19.164+05:30  WARN 9180 --- [aiexpensetracker] [http-nio-8080-exec-7] .m.m.a.ExceptionHandlerExceptionResolver : Resolved [com.damon.ai.expense.trackerr.aiexpensetracker.exception.EmailAlreadyExistsException: Email already registered]
2026-07-01T19:36:19.168+05:30 DEBUG 9180 --- [aiexpensetracker] [http-nio-8080-exec-7] o.s.w.f.CommonsRequestLoggingFilter      : After request [POST /aiexpense/api/financeusers/register, headers=[User-Agent:"PostmanRuntime/7.54.0", Accept:"*/*", Postman-Token:"07486c37-cbe4-4ed4-97a8-e5319e526769", Host:"localhost:8080", Accept-Encoding:"gzip, deflate, br", Connection:"keep-alive", Content-Length:"150", Content-Type:"application/json;charset=UTF-8"], payload={
    "firstName": "Vinayak",
    "lastName": "Sharma",
    "email": "vinayak12@gmail.com",
    "password": "Vinayak@2001",
    "role": "USER"
}]
2026-07-01T19:36:19.419+05:30 TRACE 9180 --- [aiexpensetracker] [http-nio-8080-exec-7] org.zalando.logbook.Logbook              : Outgoing Response: d2fd7316f6f5b5de
Duration: 3980 ms
HTTP/1.1 409 Conflict
Cache-Control: no-cache, no-store, max-age=0, must-revalidate
Connection: keep-alive
Content-Type: application/json
Date: Wed, 01 Jul 2026 14:06:19 GMT
Expires: 0
Keep-Alive: timeout=60
Pragma: no-cache
Transfer-Encoding: chunked
X-Content-Type-Options: nosniff
X-XSS-Protection: 0

{"error":"Conflict","message":"Email already registered","timestamp":"2026-07-01T19:36:19.0644077","status":409}
2026-07-01T19:37:27.013+05:30  INFO 9180 --- [aiexpensetracker] [File Watcher] rtingClassPathChangeChangedEventListener : Restarting due to 1 class path change (0 additions, 0 deletions, 1 modification)
2026-07-01T19:37:27.271+05:30  INFO 9180 --- [aiexpensetracker] [Thread-1] o.s.boot.tomcat.GracefulShutdown         : Commencing graceful shutdown. Waiting for active requests to complete
2026-07-01T19:37:27.324+05:30  INFO 9180 --- [aiexpensetracker] [tomcat-shutdown] o.s.boot.tomcat.GracefulShutdown         : Graceful shutdown complete
2026-07-01T19:37:27.437+05:30  INFO 9180 --- [aiexpensetracker] [Thread-1] j.LocalContainerEntityManagerFactoryBean : Closing JPA EntityManagerFactory for persistence unit 'default'
2026-07-01T19:37:27.526+05:30  INFO 9180 --- [aiexpensetracker] [Thread-1] com.zaxxer.hikari.HikariDataSource       : HikariPool-1 - Shutdown initiated...
2026-07-01T19:37:27.862+05:30  INFO 9180 --- [aiexpensetracker] [Thread-1] com.zaxxer.hikari.HikariDataSource       : HikariPool-1 - Shutdown completed.
2026-07-01T19:37:28.082+05:30  INFO 9180 --- [aiexpensetracker] [restartedMain] c.d.a.e.t.a.AiexpensetrackerApplication  : Starting AiexpensetrackerApplication using Java 21.0.11 with PID 9180 (F:\AI-Powered Expense Tracker\aiexpensetracker\target\classes started by lenovo in F:\AI-Powered Expense Tracker\aiexpensetracker)
2026-07-01T19:37:28.083+05:30  INFO 9180 --- [aiexpensetracker] [restartedMain] c.d.a.e.t.a.AiexpensetrackerApplication  : No active profile set, falling back to 1 default profile: "default"
2026-07-01T19:37:29.017+05:30  INFO 9180 --- [aiexpensetracker] [restartedMain] .s.d.r.c.RepositoryConfigurationDelegate : Bootstrapping Spring Data JPA repositories in DEFAULT mode.
2026-07-01T19:37:29.054+05:30  INFO 9180 --- [aiexpensetracker] [restartedMain] .s.d.r.c.RepositoryConfigurationDelegate : Finished Spring Data repository scanning in 32 ms. Found 4 JPA repository interfaces.
2026-07-01T19:37:29.201+05:30  WARN 9180 --- [aiexpensetracker] [restartedMain] o.s.core.annotation.MergedAnnotation     : Failed to introspect meta-annotation @AutoConfigureAfter on class org.zalando.logbook.autoconfigure.LogbookAutoConfiguration: java.lang.TypeNotPresentException: Type org.springframework.boot.autoconfigure.jackson.JacksonAutoConfiguration not present
2026-07-01T19:37:29.336+05:30  INFO 9180 --- [aiexpensetracker] [restartedMain] o.s.boot.tomcat.TomcatWebServer          : Tomcat initialized with port 8080 (http)
2026-07-01T19:37:29.340+05:30  INFO 9180 --- [aiexpensetracker] [restartedMain] o.apache.catalina.core.StandardService   : Starting service [Tomcat]
2026-07-01T19:37:29.340+05:30  INFO 9180 --- [aiexpensetracker] [restartedMain] o.apache.catalina.core.StandardEngine    : Starting Servlet engine: [Apache Tomcat/11.0.22]
2026-07-01T19:37:29.388+05:30  INFO 9180 --- [aiexpensetracker] [restartedMain] b.w.c.s.WebApplicationContextInitializer : Root WebApplicationContext: initialization completed in 1298 ms
2026-07-01T19:37:29.499+05:30  INFO 9180 --- [aiexpensetracker] [restartedMain] org.hibernate.orm.jpa                    : HHH008540: Processing PersistenceUnitInfo [name: default]
2026-07-01T19:37:29.601+05:30  INFO 9180 --- [aiexpensetracker] [restartedMain] o.s.o.j.p.SpringPersistenceUnitInfo      : No LoadTimeWeaver setup: ignoring JPA class transformer
2026-07-01T19:37:29.604+05:30  INFO 9180 --- [aiexpensetracker] [restartedMain] com.zaxxer.hikari.HikariDataSource       : HikariPool-2 - Starting...
2026-07-01T19:37:29.746+05:30  INFO 9180 --- [aiexpensetracker] [restartedMain] com.zaxxer.hikari.pool.HikariPool        : HikariPool-2 - Added connection com.mysql.cj.jdbc.ConnectionImpl@6c5fcdbc
2026-07-01T19:37:29.748+05:30  INFO 9180 --- [aiexpensetracker] [restartedMain] com.zaxxer.hikari.HikariDataSource       : HikariPool-2 - Start completed.
2026-07-01T19:37:29.752+05:30  WARN 9180 --- [aiexpensetracker] [restartedMain] org.hibernate.orm.deprecation            : HHH90000025: MySQLDialect does not need to be specified explicitly using 'hibernate.dialect' (remove the property setting and it will be selected by default)
2026-07-01T19:37:29.755+05:30  INFO 9180 --- [aiexpensetracker] [restartedMain] org.hibernate.orm.connections.pooling    : HHH10001005: Database info:
	Database JDBC URL [jdbc:mysql://localhost:3306/expense_db]
	Database driver: MySQL Connector/J
	Database dialect: MySQLDialect
	Database version: 8.0.46
	Default catalog/schema: expense_db/undefined
	Autocommit mode: undefined/unknown
	Isolation level: REPEATABLE_READ [default REPEATABLE_READ]
	JDBC fetch size: none
	Pool: DataSourceConnectionProvider
	Minimum pool size: undefined/unknown
	Maximum pool size: undefined/unknown
2026-07-01T19:37:30.541+05:30  INFO 9180 --- [aiexpensetracker] [restartedMain] org.hibernate.orm.core                   : HHH000489: No JTA platform available (set 'hibernate.transaction.jta.platform' to enable JTA platform integration)
2026-07-01T19:37:30.644+05:30  INFO 9180 --- [aiexpensetracker] [restartedMain] j.LocalContainerEntityManagerFactoryBean : Initialized JPA EntityManagerFactory for persistence unit 'default'
2026-07-01T19:37:30.833+05:30 DEBUG 9180 --- [aiexpensetracker] [restartedMain] o.s.w.f.CommonsRequestLoggingFilter      : Filter 'logFilter' configured for use
2026-07-01T19:37:30.881+05:30  INFO 9180 --- [aiexpensetracker] [restartedMain] r$InitializeUserDetailsManagerConfigurer : Global AuthenticationManager configured with UserDetailsService bean with name customUserDetailsService
2026-07-01T19:37:31.006+05:30  WARN 9180 --- [aiexpensetracker] [restartedMain] JpaBaseConfiguration$JpaWebConfiguration : spring.jpa.open-in-view is enabled by default. Therefore, database queries may be performed during view rendering. Explicitly configure spring.jpa.open-in-view to disable this warning
2026-07-01T19:37:31.449+05:30  INFO 9180 --- [aiexpensetracker] [restartedMain] o.s.b.h.a.H2ConsoleAutoConfiguration     : H2 console available at '/h2-console'. Database available at 'jdbc:mysql://localhost:3306/expense_db'
2026-07-01T19:37:31.492+05:30  INFO 9180 --- [aiexpensetracker] [restartedMain] o.s.boot.tomcat.TomcatWebServer          : Tomcat started on port 8080 (http) with context path '/aiexpense'
2026-07-01T19:37:31.502+05:30  INFO 9180 --- [aiexpensetracker] [restartedMain] c.d.a.e.t.a.AiexpensetrackerApplication  : Started AiexpensetrackerApplication in 3.482 seconds (process running for 110.887)
2026-07-01T19:37:31.507+05:30  INFO 9180 --- [aiexpensetracker] [restartedMain] .ConditionEvaluationDeltaLoggingListener : Condition evaluation unchanged
2026-07-01T19:40:34.401+05:30  INFO 9180 --- [aiexpensetracker] [File Watcher] rtingClassPathChangeChangedEventListener : Restarting due to 1 class path change (1 addition, 0 deletions, 0 modifications)
2026-07-01T19:40:34.509+05:30  INFO 9180 --- [aiexpensetracker] [Thread-5] o.s.boot.tomcat.GracefulShutdown         : Commencing graceful shutdown. Waiting for active requests to complete
2026-07-01T19:40:34.535+05:30  INFO 9180 --- [aiexpensetracker] [tomcat-shutdown] o.s.boot.tomcat.GracefulShutdown         : Graceful shutdown complete
2026-07-01T19:40:34.572+05:30  INFO 9180 --- [aiexpensetracker] [Thread-5] j.LocalContainerEntityManagerFactoryBean : Closing JPA EntityManagerFactory for persistence unit 'default'
2026-07-01T19:40:34.611+05:30  INFO 9180 --- [aiexpensetracker] [Thread-5] com.zaxxer.hikari.HikariDataSource       : HikariPool-2 - Shutdown initiated...
2026-07-01T19:40:34.639+05:30  INFO 9180 --- [aiexpensetracker] [Thread-5] com.zaxxer.hikari.HikariDataSource       : HikariPool-2 - Shutdown completed.
2026-07-01 19:40:45 INFO  c.d.a.e.t.a.AiexpensetrackerApplication - Starting AiexpensetrackerApplication using Java 21.0.11 with PID 9180 (F:\AI-Powered Expense Tracker\aiexpensetracker\target\classes started by lenovo in F:\AI-Powered Expense Tracker\aiexpensetracker)
2026-07-01 19:40:45 INFO  c.d.a.e.t.a.AiexpensetrackerApplication - No active profile set, falling back to 1 default profile: "default"
2026-07-01 19:40:46 INFO  o.s.d.r.c.RepositoryConfigurationDelegate - Bootstrapping Spring Data JPA repositories in DEFAULT mode.
2026-07-01 19:40:46 INFO  o.s.d.r.c.RepositoryConfigurationDelegate - Finished Spring Data repository scanning in 27 ms. Found 4 JPA repository interfaces.
2026-07-01 19:40:46 WARN  o.s.core.annotation.MergedAnnotation - Failed to introspect meta-annotation @AutoConfigureAfter on class org.zalando.logbook.autoconfigure.LogbookAutoConfiguration: java.lang.TypeNotPresentException: Type org.springframework.boot.autoconfigure.jackson.JacksonAutoConfiguration not present
2026-07-01 19:40:46 INFO  o.s.boot.tomcat.TomcatWebServer - Tomcat initialized with port 8080 (http)
2026-07-01 19:40:46 INFO  o.a.catalina.core.StandardService - Starting service [Tomcat]
2026-07-01 19:40:46 INFO  o.a.catalina.core.StandardEngine - Starting Servlet engine: [Apache Tomcat/11.0.22]
2026-07-01 19:40:46 INFO  o.s.b.w.c.s.WebApplicationContextInitializer - Root WebApplicationContext: initialization completed in 1213 ms
2026-07-01 19:40:46 INFO  org.hibernate.orm.jpa - HHH008540: Processing PersistenceUnitInfo [name: default]
2026-07-01 19:40:46 INFO  o.s.o.j.p.SpringPersistenceUnitInfo - No LoadTimeWeaver setup: ignoring JPA class transformer
2026-07-01 19:40:46 INFO  com.zaxxer.hikari.HikariDataSource - HikariPool-3 - Starting...
2026-07-01 19:40:46 INFO  com.zaxxer.hikari.pool.HikariPool - HikariPool-3 - Added connection com.mysql.cj.jdbc.ConnectionImpl@49a05a86
2026-07-01 19:40:46 INFO  com.zaxxer.hikari.HikariDataSource - HikariPool-3 - Start completed.
2026-07-01 19:40:46 WARN  org.hibernate.orm.deprecation - HHH90000025: MySQLDialect does not need to be specified explicitly using 'hibernate.dialect' (remove the property setting and it will be selected by default)
2026-07-01 19:40:46 INFO  o.hibernate.orm.connections.pooling - HHH10001005: Database info:
	Database JDBC URL [jdbc:mysql://localhost:3306/expense_db]
	Database driver: MySQL Connector/J
	Database dialect: MySQLDialect
	Database version: 8.0.46
	Default catalog/schema: expense_db/undefined
	Autocommit mode: undefined/unknown
	Isolation level: REPEATABLE_READ [default REPEATABLE_READ]
	JDBC fetch size: none
	Pool: DataSourceConnectionProvider
	Minimum pool size: undefined/unknown
	Maximum pool size: undefined/unknown
2026-07-01 19:40:47 INFO  org.hibernate.orm.core - HHH000489: No JTA platform available (set 'hibernate.transaction.jta.platform' to enable JTA platform integration)
2026-07-01 19:40:47 INFO  o.s.o.j.LocalContainerEntityManagerFactoryBean - Initialized JPA EntityManagerFactory for persistence unit 'default'
2026-07-01 19:40:47 DEBUG o.s.w.f.CommonsRequestLoggingFilter - Filter 'logFilter' configured for use
2026-07-01 19:40:47 INFO  o.s.s.c.a.a.c.InitializeUserDetailsBeanManagerConfigurer$InitializeUserDetailsManagerConfigurer - Global AuthenticationManager configured with UserDetailsService bean with name customUserDetailsService
2026-07-01 19:40:47 WARN  o.s.b.j.a.JpaBaseConfiguration$JpaWebConfiguration - spring.jpa.open-in-view is enabled by default. Therefore, database queries may be performed during view rendering. Explicitly configure spring.jpa.open-in-view to disable this warning
2026-07-01 19:40:47 INFO  o.s.b.h.a.H2ConsoleAutoConfiguration - H2 console available at '/h2-console'. Database available at 'jdbc:mysql://localhost:3306/expense_db'
2026-07-01 19:40:47 INFO  o.s.boot.tomcat.TomcatWebServer - Tomcat started on port 8080 (http) with context path '/aiexpense'
2026-07-01 19:40:47 INFO  c.d.a.e.t.a.AiexpensetrackerApplication - Started AiexpensetrackerApplication in 2.517 seconds (process running for 307.014)
2026-07-01 19:40:47 INFO  o.s.b.d.a.ConditionEvaluationDeltaLoggingListener - Condition evaluation unchanged
2026-07-01 19:41:07 INFO  o.s.b.d.a.LocalDevToolsAutoConfiguration$RestartingClassPathChangeChangedEventListener - Restarting due to 1 class path change (0 additions, 0 deletions, 1 modification)
2026-07-01 19:41:07 INFO  o.s.boot.tomcat.GracefulShutdown - Commencing graceful shutdown. Waiting for active requests to complete
2026-07-01 19:41:07 INFO  o.s.boot.tomcat.GracefulShutdown - Graceful shutdown complete
2026-07-01 19:41:07 INFO  o.s.o.j.LocalContainerEntityManagerFactoryBean - Closing JPA EntityManagerFactory for persistence unit 'default'
2026-07-01 19:41:07 INFO  com.zaxxer.hikari.HikariDataSource - HikariPool-3 - Shutdown initiated...
2026-07-01 19:41:07 INFO  com.zaxxer.hikari.HikariDataSource - HikariPool-3 - Shutdown completed.
2026-07-01 19:41:07 INFO  c.d.a.e.t.a.AiexpensetrackerApplication - Starting AiexpensetrackerApplication using Java 21.0.11 with PID 9180 (F:\AI-Powered Expense Tracker\aiexpensetracker\target\classes started by lenovo in F:\AI-Powered Expense Tracker\aiexpensetracker)
2026-07-01 19:41:07 INFO  c.d.a.e.t.a.AiexpensetrackerApplication - No active profile set, falling back to 1 default profile: "default"
2026-07-01 19:41:07 INFO  o.s.d.r.c.RepositoryConfigurationDelegate - Bootstrapping Spring Data JPA repositories in DEFAULT mode.
2026-07-01 19:41:07 INFO  o.s.d.r.c.RepositoryConfigurationDelegate - Finished Spring Data repository scanning in 20 ms. Found 4 JPA repository interfaces.
2026-07-01 19:41:08 WARN  o.s.core.annotation.MergedAnnotation - Failed to introspect meta-annotation @AutoConfigureAfter on class org.zalando.logbook.autoconfigure.LogbookAutoConfiguration: java.lang.TypeNotPresentException: Type org.springframework.boot.autoconfigure.jackson.JacksonAutoConfiguration not present
2026-07-01 19:41:08 INFO  o.s.boot.tomcat.TomcatWebServer - Tomcat initialized with port 8080 (http)
2026-07-01 19:41:08 INFO  o.a.catalina.core.StandardService - Starting service [Tomcat]
2026-07-01 19:41:08 INFO  o.a.catalina.core.StandardEngine - Starting Servlet engine: [Apache Tomcat/11.0.22]
2026-07-01 19:41:08 INFO  o.s.b.w.c.s.WebApplicationContextInitializer - Root WebApplicationContext: initialization completed in 567 ms
2026-07-01 19:41:08 INFO  org.hibernate.orm.jpa - HHH008540: Processing PersistenceUnitInfo [name: default]
2026-07-01 19:41:08 INFO  o.s.o.j.p.SpringPersistenceUnitInfo - No LoadTimeWeaver setup: ignoring JPA class transformer
2026-07-01 19:41:08 INFO  com.zaxxer.hikari.HikariDataSource - HikariPool-4 - Starting...
2026-07-01 19:41:08 INFO  com.zaxxer.hikari.pool.HikariPool - HikariPool-4 - Added connection com.mysql.cj.jdbc.ConnectionImpl@5e4c3098
2026-07-01 19:41:08 INFO  com.zaxxer.hikari.HikariDataSource - HikariPool-4 - Start completed.
2026-07-01 19:41:08 WARN  org.hibernate.orm.deprecation - HHH90000025: MySQLDialect does not need to be specified explicitly using 'hibernate.dialect' (remove the property setting and it will be selected by default)
2026-07-01 19:41:08 INFO  o.hibernate.orm.connections.pooling - HHH10001005: Database info:
	Database JDBC URL [jdbc:mysql://localhost:3306/expense_db]
	Database driver: MySQL Connector/J
	Database dialect: MySQLDialect
	Database version: 8.0.46
	Default catalog/schema: expense_db/undefined
	Autocommit mode: undefined/unknown
	Isolation level: REPEATABLE_READ [default REPEATABLE_READ]
	JDBC fetch size: none
	Pool: DataSourceConnectionProvider
	Minimum pool size: undefined/unknown
	Maximum pool size: undefined/unknown
2026-07-01 19:41:08 INFO  org.hibernate.orm.core - HHH000489: No JTA platform available (set 'hibernate.transaction.jta.platform' to enable JTA platform integration)
2026-07-01 19:41:08 INFO  o.s.o.j.LocalContainerEntityManagerFactoryBean - Initialized JPA EntityManagerFactory for persistence unit 'default'
2026-07-01 19:41:08 DEBUG o.s.w.f.CommonsRequestLoggingFilter - Filter 'logFilter' configured for use
2026-07-01 19:41:08 INFO  o.s.s.c.a.a.c.InitializeUserDetailsBeanManagerConfigurer$InitializeUserDetailsManagerConfigurer - Global AuthenticationManager configured with UserDetailsService bean with name customUserDetailsService
2026-07-01 19:41:08 WARN  o.s.b.j.a.JpaBaseConfiguration$JpaWebConfiguration - spring.jpa.open-in-view is enabled by default. Therefore, database queries may be performed during view rendering. Explicitly configure spring.jpa.open-in-view to disable this warning
2026-07-01 19:41:09 INFO  o.s.b.h.a.H2ConsoleAutoConfiguration - H2 console available at '/h2-console'. Database available at 'jdbc:mysql://localhost:3306/expense_db'
2026-07-01 19:41:09 INFO  o.s.boot.tomcat.TomcatWebServer - Tomcat started on port 8080 (http) with context path '/aiexpense'
2026-07-01 19:41:09 INFO  c.d.a.e.t.a.AiexpensetrackerApplication - Started AiexpensetrackerApplication in 1.491 seconds (process running for 328.421)
2026-07-01 19:41:09 INFO  o.s.b.d.a.ConditionEvaluationDeltaLoggingListener - Condition evaluation unchanged
2026-07-01 19:41:20 INFO  o.a.c.c.C.[.[localhost].[/aiexpense] - Initializing Spring DispatcherServlet 'dispatcherServlet'
2026-07-01 19:41:20 INFO  o.s.web.servlet.DispatcherServlet - Initializing Servlet 'dispatcherServlet'
2026-07-01 19:41:20 INFO  o.s.web.servlet.DispatcherServlet - Completed initialization in 3 ms
2026-07-01 19:41:20 TRACE org.zalando.logbook.Logbook - Incoming Request: f2712fbbf26ce82a
Remote: 0:0:0:0:0:0:0:1
POST http://localhost:8080/aiexpense/api/financeusers/register HTTP/1.1
Accept: */*
Accept-Encoding: gzip, deflate, br
Connection: keep-alive
Content-Length: 150
Content-Type: application/json
Host: localhost:8080
Postman-Token: d568a6b8-18df-44e8-bddd-01a6ff6d2b16
User-Agent: PostmanRuntime/7.54.0

{"firstName":"Vinayak","lastName":"Sharma","email":"vinayak12@gmail.com","password":"Vinayak@2001","role":"USER"}
2026-07-01 19:41:20 DEBUG o.s.w.f.CommonsRequestLoggingFilter - Before request [POST /aiexpense/api/financeusers/register, headers=[User-Agent:"PostmanRuntime/7.54.0", Accept:"*/*", Postman-Token:"d568a6b8-18df-44e8-bddd-01a6ff6d2b16", Host:"localhost:8080", Accept-Encoding:"gzip, deflate, br", Connection:"keep-alive", Content-Length:"150", Content-Type:"application/json;charset=UTF-8"]]
2026-07-01 19:41:20 WARN  o.s.w.s.m.m.a.ExceptionHandlerExceptionResolver - Resolved [com.damon.ai.expense.trackerr.aiexpensetracker.exception.EmailAlreadyExistsException: Email already registered]
2026-07-01 19:41:20 DEBUG o.s.w.f.CommonsRequestLoggingFilter - After request [POST /aiexpense/api/financeusers/register, headers=[User-Agent:"PostmanRuntime/7.54.0", Accept:"*/*", Postman-Token:"d568a6b8-18df-44e8-bddd-01a6ff6d2b16", Host:"localhost:8080", Accept-Encoding:"gzip, deflate, br", Connection:"keep-alive", Content-Length:"150", Content-Type:"application/json;charset=UTF-8"], payload={
    "firstName": "Vinayak",
    "lastName": "Sharma",
    "email": "vinayak12@gmail.com",
    "password": "Vinayak@2001",
    "role": "USER"
}]
2026-07-01 19:41:20 TRACE org.zalando.logbook.Logbook - Outgoing Response: f2712fbbf26ce82a
Duration: 248 ms
HTTP/1.1 409 Conflict
Cache-Control: no-cache, no-store, max-age=0, must-revalidate
Connection: keep-alive
Content-Type: application/json
Date: Wed, 01 Jul 2026 14:11:20 GMT
Expires: 0
Keep-Alive: timeout=60
Pragma: no-cache
Transfer-Encoding: chunked
X-Content-Type-Options: nosniff
X-XSS-Protection: 0

{"error":"Conflict","message":"Email already registered","timestamp":"2026-07-01T19:41:20.5516889","status":409}
2026-07-01 19:42:46 TRACE org.zalando.logbook.Logbook - Incoming Request: 8b7ee95152a9c9ac
Remote: 0:0:0:0:0:0:0:1
POST http://localhost:8080/aiexpense/api/financeusers/register HTTP/1.1
Accept: */*
Accept-Encoding: gzip, deflate, br
Connection: keep-alive
Content-Length: 154
Content-Type: application/json
Host: localhost:8080
Postman-Token: b5de03b1-1530-4cfc-a3e2-e1b07891ff5c
User-Agent: PostmanRuntime/7.54.0

{"firstName":"Vinayak","lastName":"Sharma","email":"vinayak123456@gmail.com","password":"Vinayak@2001","role":"USER"}
2026-07-01 19:42:46 DEBUG o.s.w.f.CommonsRequestLoggingFilter - Before request [POST /aiexpense/api/financeusers/register, headers=[User-Agent:"PostmanRuntime/7.54.0", Accept:"*/*", Postman-Token:"b5de03b1-1530-4cfc-a3e2-e1b07891ff5c", Host:"localhost:8080", Accept-Encoding:"gzip, deflate, br", Connection:"keep-alive", Content-Length:"154", Content-Type:"application/json;charset=UTF-8"]]
2026-07-01 19:42:46 DEBUG o.s.w.f.CommonsRequestLoggingFilter - After request [POST /aiexpense/api/financeusers/register, headers=[User-Agent:"PostmanRuntime/7.54.0", Accept:"*/*", Postman-Token:"b5de03b1-1530-4cfc-a3e2-e1b07891ff5c", Host:"localhost:8080", Accept-Encoding:"gzip, deflate, br", Connection:"keep-alive", Content-Length:"154", Content-Type:"application/json;charset=UTF-8"], payload={
    "firstName": "Vinayak",
    "lastName": "Sharma",
    "email": "vinayak123456@gmail.com",
    "password": "Vinayak@2001",
    "role": "USER"
}]
2026-07-01 19:42:46 TRACE org.zalando.logbook.Logbook - Outgoing Response: 8b7ee95152a9c9ac
Duration: 175 ms
HTTP/1.1 200 OK
Cache-Control: no-cache, no-store, max-age=0, must-revalidate
Connection: keep-alive
Content-Type: application/json
Date: Wed, 01 Jul 2026 14:12:46 GMT
Expires: 0
Keep-Alive: timeout=60
Pragma: no-cache
Transfer-Encoding: chunked
X-Content-Type-Options: nosniff
X-XSS-Protection: 0

{"accountId":5,"active":true,"createdAt":"2026-07-01T19:42:46.0518782","email":"vinayak123456@gmail.com","firstName":"Vinayak","lastName":"Sharma","mobileNumber":null,"password":"$2a$10$j4XyWX.GWtxuVbh4GApZzOSO8dlAssDGGbhIinknvz7OqrtG6/77C","role":"USER","updatedAt":null,"userId":"k81fdA_1782915166051"}
2026-07-01 19:43:02 TRACE org.zalando.logbook.Logbook - Incoming Request: e704b4f1222879fa
Remote: 0:0:0:0:0:0:0:1
POST http://localhost:8080/aiexpense/api/financeusers/register HTTP/1.1
Accept: */*
Accept-Encoding: gzip, deflate, br
Connection: keep-alive
Content-Length: 154
Content-Type: application/json
Host: localhost:8080
Postman-Token: ef6bff8e-8ba8-419e-9345-e5730960e806
User-Agent: PostmanRuntime/7.54.0

{"firstName":"Vinayak","lastName":"Sharma","email":"vinayak123456@gmail.com","password":"Vinayak@2001","role":"USER"}
2026-07-01 19:43:02 DEBUG o.s.w.f.CommonsRequestLoggingFilter - Before request [POST /aiexpense/api/financeusers/register, headers=[User-Agent:"PostmanRuntime/7.54.0", Accept:"*/*", Postman-Token:"ef6bff8e-8ba8-419e-9345-e5730960e806", Host:"localhost:8080", Accept-Encoding:"gzip, deflate, br", Connection:"keep-alive", Content-Length:"154", Content-Type:"application/json;charset=UTF-8"]]
2026-07-01 19:43:02 WARN  o.s.w.s.m.m.a.ExceptionHandlerExceptionResolver - Resolved [com.damon.ai.expense.trackerr.aiexpensetracker.exception.EmailAlreadyExistsException: Email already registered]
2026-07-01 19:43:02 DEBUG o.s.w.f.CommonsRequestLoggingFilter - After request [POST /aiexpense/api/financeusers/register, headers=[User-Agent:"PostmanRuntime/7.54.0", Accept:"*/*", Postman-Token:"ef6bff8e-8ba8-419e-9345-e5730960e806", Host:"localhost:8080", Accept-Encoding:"gzip, deflate, br", Connection:"keep-alive", Content-Length:"154", Content-Type:"application/json;charset=UTF-8"], payload={
    "firstName": "Vinayak",
    "lastName": "Sharma",
    "email": "vinayak123456@gmail.com",
    "password": "Vinayak@2001",
    "role": "USER"
}]
2026-07-01 19:43:02 TRACE org.zalando.logbook.Logbook - Outgoing Response: e704b4f1222879fa
Duration: 114 ms
HTTP/1.1 409 Conflict
Cache-Control: no-cache, no-store, max-age=0, must-revalidate
Connection: keep-alive
Content-Type: application/json
Date: Wed, 01 Jul 2026 14:13:02 GMT
Expires: 0
Keep-Alive: timeout=60
Pragma: no-cache
Transfer-Encoding: chunked
X-Content-Type-Options: nosniff
X-XSS-Protection: 0

{"error":"Conflict","message":"Email already registered","timestamp":"2026-07-01T19:43:02.5209839","status":409}
2026-07-01 19:43:08 TRACE org.zalando.logbook.Logbook - Incoming Request: efac5c979c139937
Remote: 0:0:0:0:0:0:0:1
POST http://localhost:8080/aiexpense/api/financeusers/register HTTP/1.1
Accept: */*
Accept-Encoding: gzip, deflate, br
Connection: keep-alive
Content-Length: 154
Content-Type: application/json
Host: localhost:8080
Postman-Token: 1d67859f-3601-4b8a-821f-b74bdfb85be1
User-Agent: PostmanRuntime/7.54.0

{"firstName":"Vinayak","lastName":"Sharma","email":"vinayak123456@gmail.com","password":"Vinayak@2001","role":"USER"}
2026-07-01 19:43:08 DEBUG o.s.w.f.CommonsRequestLoggingFilter - Before request [POST /aiexpense/api/financeusers/register, headers=[User-Agent:"PostmanRuntime/7.54.0", Accept:"*/*", Postman-Token:"1d67859f-3601-4b8a-821f-b74bdfb85be1", Host:"localhost:8080", Accept-Encoding:"gzip, deflate, br", Connection:"keep-alive", Content-Length:"154", Content-Type:"application/json;charset=UTF-8"]]
2026-07-01 19:43:08 WARN  o.s.w.s.m.m.a.ExceptionHandlerExceptionResolver - Resolved [com.damon.ai.expense.trackerr.aiexpensetracker.exception.EmailAlreadyExistsException: Email already registered]
2026-07-01 19:43:08 DEBUG o.s.w.f.CommonsRequestLoggingFilter - After request [POST /aiexpense/api/financeusers/register, headers=[User-Agent:"PostmanRuntime/7.54.0", Accept:"*/*", Postman-Token:"1d67859f-3601-4b8a-821f-b74bdfb85be1", Host:"localhost:8080", Accept-Encoding:"gzip, deflate, br", Connection:"keep-alive", Content-Length:"154", Content-Type:"application/json;charset=UTF-8"], payload={
    "firstName": "Vinayak",
    "lastName": "Sharma",
    "email": "vinayak123456@gmail.com",
    "password": "Vinayak@2001",
    "role": "USER"
}]
2026-07-01 19:43:08 TRACE org.zalando.logbook.Logbook - Outgoing Response: efac5c979c139937
Duration: 127 ms
HTTP/1.1 409 Conflict
Cache-Control: no-cache, no-store, max-age=0, must-revalidate
Connection: keep-alive
Content-Type: application/json
Date: Wed, 01 Jul 2026 14:13:08 GMT
Expires: 0
Keep-Alive: timeout=60
Pragma: no-cache
Transfer-Encoding: chunked
X-Content-Type-Options: nosniff
X-XSS-Protection: 0

{"error":"Conflict","message":"Email already registered","timestamp":"2026-07-01T19:43:08.2314073","status":409}
2026-07-02 05:53:31 WARN  com.zaxxer.hikari.pool.HikariPool - HikariPool-4 - Thread starvation or clock leap detected (housekeeper delta=9h22s90ms332µs600ns).
2026-07-25 21:14:26 INFO  c.d.a.e.t.a.AiexpensetrackerApplication - Starting AiexpensetrackerApplication using Java 21.0.11 with PID 10384 (F:\AI-Powered Expense Tracker\aiexpensetracker\target\classes started by lenovo in F:\AI-Powered Expense Tracker\aiexpensetracker)
2026-07-25 21:14:26 INFO  c.d.a.e.t.a.AiexpensetrackerApplication - No active profile set, falling back to 1 default profile: "default"
2026-07-25 21:14:27 INFO  o.h.validator.internal.util.Version - HV000001: Hibernate Validator 9.0.1.Final
2026-07-25 21:14:27 INFO  o.s.b.d.e.DevToolsPropertyDefaultsPostProcessor - Devtools property defaults active! Set 'spring.devtools.add-properties' to 'false' to disable
2026-07-25 21:14:27 INFO  o.s.b.d.e.DevToolsPropertyDefaultsPostProcessor - For additional web related logging consider setting the 'logging.level.web' property to 'DEBUG'
2026-07-25 21:14:31 INFO  o.s.d.r.c.RepositoryConfigurationDelegate - Bootstrapping Spring Data JPA repositories in DEFAULT mode.
2026-07-25 21:14:32 INFO  o.s.d.r.c.RepositoryConfigurationDelegate - Finished Spring Data repository scanning in 307 ms. Found 4 JPA repository interfaces.
2026-07-25 21:14:33 WARN  o.s.core.annotation.MergedAnnotation - Failed to introspect meta-annotation @AutoConfigureAfter on class org.zalando.logbook.autoconfigure.LogbookAutoConfiguration: java.lang.TypeNotPresentException: Type org.springframework.boot.autoconfigure.jackson.JacksonAutoConfiguration not present
2026-07-25 21:14:34 INFO  o.s.boot.tomcat.TomcatWebServer - Tomcat initialized with port 8080 (http)
2026-07-25 21:14:34 INFO  o.a.coyote.http11.Http11NioProtocol - Initializing ProtocolHandler ["http-nio-8080"]
2026-07-25 21:14:34 INFO  o.a.catalina.core.StandardService - Starting service [Tomcat]
2026-07-25 21:14:34 INFO  o.a.catalina.core.StandardEngine - Starting Servlet engine: [Apache Tomcat/11.0.22]
2026-07-25 21:14:34 INFO  o.s.b.w.c.s.WebApplicationContextInitializer - Root WebApplicationContext: initialization completed in 7360 ms
2026-07-25 21:14:35 INFO  org.hibernate.orm.jpa - HHH008540: Processing PersistenceUnitInfo [name: default]
2026-07-25 21:14:35 INFO  org.hibernate.orm.core - HHH000001: Hibernate ORM core version 7.2.19.Final
2026-07-25 21:14:36 INFO  o.s.o.j.p.SpringPersistenceUnitInfo - No LoadTimeWeaver setup: ignoring JPA class transformer
2026-07-25 21:14:36 INFO  com.zaxxer.hikari.HikariDataSource - HikariPool-1 - Starting...
2026-07-25 21:14:37 INFO  com.zaxxer.hikari.pool.HikariPool - HikariPool-1 - Added connection com.mysql.cj.jdbc.ConnectionImpl@2c7a5f2a
2026-07-25 21:14:37 INFO  com.zaxxer.hikari.HikariDataSource - HikariPool-1 - Start completed.
2026-07-25 21:14:38 WARN  org.hibernate.orm.deprecation - HHH90000025: MySQLDialect does not need to be specified explicitly using 'hibernate.dialect' (remove the property setting and it will be selected by default)
2026-07-25 21:14:38 INFO  o.hibernate.orm.connections.pooling - HHH10001005: Database info:
	Database JDBC URL [jdbc:mysql://localhost:3306/expense_db]
	Database driver: MySQL Connector/J
	Database dialect: MySQLDialect
	Database version: 8.0.46
	Default catalog/schema: expense_db/undefined
	Autocommit mode: undefined/unknown
	Isolation level: REPEATABLE_READ [default REPEATABLE_READ]
	JDBC fetch size: none
	Pool: DataSourceConnectionProvider
	Minimum pool size: undefined/unknown
	Maximum pool size: undefined/unknown
2026-07-25 21:14:42 INFO  org.hibernate.orm.core - HHH000489: No JTA platform available (set 'hibernate.transaction.jta.platform' to enable JTA platform integration)
2026-07-25 21:14:42 INFO  o.s.o.j.LocalContainerEntityManagerFactoryBean - Initialized JPA EntityManagerFactory for persistence unit 'default'
2026-07-25 21:14:42 INFO  o.s.d.j.r.q.QueryEnhancerFactories - Hibernate is in classpath; If applicable, HQL parser will be used.
2026-07-25 21:14:43 DEBUG o.s.w.f.CommonsRequestLoggingFilter - Filter 'logFilter' configured for use
2026-07-25 21:14:43 INFO  o.s.s.c.a.a.c.InitializeUserDetailsBeanManagerConfigurer$InitializeUserDetailsManagerConfigurer - Global AuthenticationManager configured with UserDetailsService bean with name customUserDetailsService
2026-07-25 21:14:43 WARN  o.s.b.j.a.JpaBaseConfiguration$JpaWebConfiguration - spring.jpa.open-in-view is enabled by default. Therefore, database queries may be performed during view rendering. Explicitly configure spring.jpa.open-in-view to disable this warning
2026-07-25 21:14:44 INFO  o.s.b.h.a.H2ConsoleAutoConfiguration - H2 console available at '/h2-console'. Database available at 'jdbc:mysql://localhost:3306/expense_db'
2026-07-25 21:14:44 INFO  o.a.coyote.http11.Http11NioProtocol - Starting ProtocolHandler ["http-nio-8080"]
2026-07-25 21:14:44 INFO  o.s.boot.tomcat.TomcatWebServer - Tomcat started on port 8080 (http) with context path '/aiexpense'
2026-07-25 21:14:44 INFO  c.d.a.e.t.a.AiexpensetrackerApplication - Started AiexpensetrackerApplication in 20.959 seconds (process running for 24.011)
2026-07-27 20:39:37 INFO  o.h.validator.internal.util.Version - HV000001: Hibernate Validator 9.0.1.Final
2026-07-27 20:39:37 INFO  c.d.a.e.t.a.AiexpensetrackerApplication - Starting AiexpensetrackerApplication using Java 21.0.11 with PID 7932 (F:\AI-Powered Expense Tracker\aiexpensetracker\target\classes started by lenovo in F:\AI-Powered Expense Tracker\aiexpensetracker)
2026-07-27 20:39:37 INFO  c.d.a.e.t.a.AiexpensetrackerApplication - No active profile set, falling back to 1 default profile: "default"
2026-07-27 20:39:38 INFO  o.s.b.d.e.DevToolsPropertyDefaultsPostProcessor - Devtools property defaults active! Set 'spring.devtools.add-properties' to 'false' to disable
2026-07-27 20:39:38 INFO  o.s.b.d.e.DevToolsPropertyDefaultsPostProcessor - For additional web related logging consider setting the 'logging.level.web' property to 'DEBUG'
2026-07-27 20:39:39 INFO  o.s.d.r.c.RepositoryConfigurationDelegate - Bootstrapping Spring Data JPA repositories in DEFAULT mode.
2026-07-27 20:39:39 INFO  o.s.d.r.c.RepositoryConfigurationDelegate - Finished Spring Data repository scanning in 127 ms. Found 4 JPA repository interfaces.
2026-07-27 20:39:40 WARN  o.s.core.annotation.MergedAnnotation - Failed to introspect meta-annotation @AutoConfigureAfter on class org.zalando.logbook.autoconfigure.LogbookAutoConfiguration: java.lang.TypeNotPresentException: Type org.springframework.boot.autoconfigure.jackson.JacksonAutoConfiguration not present
2026-07-27 20:39:41 INFO  o.s.boot.tomcat.TomcatWebServer - Tomcat initialized with port 8080 (http)
2026-07-27 20:39:41 INFO  o.a.coyote.http11.Http11NioProtocol - Initializing ProtocolHandler ["http-nio-8080"]
2026-07-27 20:39:41 INFO  o.a.catalina.core.StandardService - Starting service [Tomcat]
2026-07-27 20:39:41 INFO  o.a.catalina.core.StandardEngine - Starting Servlet engine: [Apache Tomcat/11.0.22]
2026-07-27 20:39:41 INFO  o.s.b.w.c.s.WebApplicationContextInitializer - Root WebApplicationContext: initialization completed in 3214 ms
2026-07-27 20:39:41 INFO  org.hibernate.orm.jpa - HHH008540: Processing PersistenceUnitInfo [name: default]
2026-07-27 20:39:41 INFO  org.hibernate.orm.core - HHH000001: Hibernate ORM core version 7.2.19.Final
2026-07-27 20:39:43 INFO  o.s.o.j.p.SpringPersistenceUnitInfo - No LoadTimeWeaver setup: ignoring JPA class transformer
2026-07-27 20:39:43 INFO  com.zaxxer.hikari.HikariDataSource - HikariPool-1 - Starting...
2026-07-27 20:39:43 INFO  com.zaxxer.hikari.pool.HikariPool - HikariPool-1 - Added connection com.mysql.cj.jdbc.ConnectionImpl@73479989
2026-07-27 20:39:44 INFO  com.zaxxer.hikari.HikariDataSource - HikariPool-1 - Start completed.
2026-07-27 20:39:44 WARN  org.hibernate.orm.deprecation - HHH90000025: MySQLDialect does not need to be specified explicitly using 'hibernate.dialect' (remove the property setting and it will be selected by default)
2026-07-27 20:39:44 INFO  o.hibernate.orm.connections.pooling - HHH10001005: Database info:
	Database JDBC URL [jdbc:mysql://localhost:3306/expense_db]
	Database driver: MySQL Connector/J
	Database dialect: MySQLDialect
	Database version: 8.0.46
	Default catalog/schema: expense_db/undefined
	Autocommit mode: undefined/unknown
	Isolation level: REPEATABLE_READ [default REPEATABLE_READ]
	JDBC fetch size: none
	Pool: DataSourceConnectionProvider
	Minimum pool size: undefined/unknown
	Maximum pool size: undefined/unknown
2026-07-27 20:39:45 INFO  org.hibernate.orm.core - HHH000489: No JTA platform available (set 'hibernate.transaction.jta.platform' to enable JTA platform integration)
2026-07-27 20:39:45 INFO  o.s.o.j.LocalContainerEntityManagerFactoryBean - Initialized JPA EntityManagerFactory for persistence unit 'default'
2026-07-27 20:39:46 INFO  o.s.d.j.r.q.QueryEnhancerFactories - Hibernate is in classpath; If applicable, HQL parser will be used.
2026-07-27 20:39:46 DEBUG o.s.w.f.CommonsRequestLoggingFilter - Filter 'logFilter' configured for use
2026-07-27 20:39:46 INFO  o.s.s.c.a.a.c.InitializeUserDetailsBeanManagerConfigurer$InitializeUserDetailsManagerConfigurer - Global AuthenticationManager configured with UserDetailsService bean with name customUserDetailsService
2026-07-27 20:39:46 WARN  o.s.b.j.a.JpaBaseConfiguration$JpaWebConfiguration - spring.jpa.open-in-view is enabled by default. Therefore, database queries may be performed during view rendering. Explicitly configure spring.jpa.open-in-view to disable this warning
2026-07-27 20:39:47 INFO  o.s.b.h.a.H2ConsoleAutoConfiguration - H2 console available at '/h2-console'. Database available at 'jdbc:mysql://localhost:3306/expense_db'
2026-07-27 20:39:47 INFO  o.a.coyote.http11.Http11NioProtocol - Starting ProtocolHandler ["http-nio-8080"]
2026-07-27 20:39:47 INFO  o.s.boot.tomcat.TomcatWebServer - Tomcat started on port 8080 (http) with context path '/aiexpense'
2026-07-27 20:39:47 INFO  c.d.a.e.t.a.AiexpensetrackerApplication - Started AiexpensetrackerApplication in 10.668 seconds (process running for 11.622)
2026-07-27 20:40:09 INFO  o.a.c.c.C.[.[localhost].[/aiexpense] - Initializing Spring DispatcherServlet 'dispatcherServlet'
2026-07-27 20:40:09 INFO  o.s.web.servlet.DispatcherServlet - Initializing Servlet 'dispatcherServlet'
2026-07-27 20:40:09 INFO  o.s.web.servlet.DispatcherServlet - Completed initialization in 3 ms
2026-07-27 20:40:10 TRACE org.zalando.logbook.Logbook - Incoming Request: dbe07856c879cf02
Remote: 0:0:0:0:0:0:0:1
POST http://localhost:8080/aiexpense/api/financeusers/register HTTP/1.1
Accept: */*
Accept-Encoding: gzip, deflate, br
Connection: keep-alive
Content-Length: 154
Content-Type: application/json
Host: localhost:8080
Postman-Token: a01cbfa2-2b57-48bf-ac2e-1367c2bf77c3
User-Agent: PostmanRuntime/7.54.0

{"firstName":"Vinayak","lastName":"Sharma","email":"vinayak123456@gmail.com","password":"Vinayak@2001","role":"USER"}
2026-07-27 20:40:10 DEBUG o.s.w.f.CommonsRequestLoggingFilter - Before request [POST /aiexpense/api/financeusers/register, headers=[User-Agent:"PostmanRuntime/7.54.0", Accept:"*/*", Postman-Token:"a01cbfa2-2b57-48bf-ac2e-1367c2bf77c3", Host:"localhost:8080", Accept-Encoding:"gzip, deflate, br", Connection:"keep-alive", Content-Length:"154", Content-Type:"application/json;charset=UTF-8"]]
2026-07-27 20:40:11 WARN  o.s.w.s.m.m.a.ExceptionHandlerExceptionResolver - Resolved [com.damon.ai.expense.trackerr.aiexpensetracker.exception.EmailAlreadyExistsException: Email already registered]
2026-07-27 20:40:11 DEBUG o.s.w.f.CommonsRequestLoggingFilter - After request [POST /aiexpense/api/financeusers/register, headers=[User-Agent:"PostmanRuntime/7.54.0", Accept:"*/*", Postman-Token:"a01cbfa2-2b57-48bf-ac2e-1367c2bf77c3", Host:"localhost:8080", Accept-Encoding:"gzip, deflate, br", Connection:"keep-alive", Content-Length:"154", Content-Type:"application/json;charset=UTF-8"], payload={
    "firstName": "Vinayak",
    "lastName": "Sharma",
    "email": "vinayak123456@gmail.com",
    "password": "Vinayak@2001",
    "role": "USER"
}]
2026-07-27 20:40:12 TRACE org.zalando.logbook.Logbook - Outgoing Response: dbe07856c879cf02
Duration: 2091 ms
HTTP/1.1 409 Conflict
Cache-Control: no-cache, no-store, max-age=0, must-revalidate
Connection: keep-alive
Content-Type: application/json
Date: Mon, 27 Jul 2026 15:10:11 GMT
Expires: 0
Keep-Alive: timeout=60
Pragma: no-cache
Transfer-Encoding: chunked
X-Content-Type-Options: nosniff
X-XSS-Protection: 0

{"error":"Conflict","message":"Email already registered","timestamp":"2026-07-27T20:40:11.8593427","status":409}
2026-07-27 20:40:20 TRACE org.zalando.logbook.Logbook - Incoming Request: 8475677ad754fa95
Remote: 0:0:0:0:0:0:0:1
POST http://localhost:8080/aiexpense/api/financeusers/register HTTP/1.1
Accept: */*
Accept-Encoding: gzip, deflate, br
Connection: keep-alive
Content-Length: 155
Content-Type: application/json
Host: localhost:8080
Postman-Token: 8b8a9108-8653-45e2-b068-9368be3715dc
User-Agent: PostmanRuntime/7.54.0

{"firstName":"Vinayak","lastName":"Sharma","email":"vinayak1234561@gmail.com","password":"Vinayak@2001","role":"USER"}
2026-07-27 20:40:20 DEBUG o.s.w.f.CommonsRequestLoggingFilter - Before request [POST /aiexpense/api/financeusers/register, headers=[User-Agent:"PostmanRuntime/7.54.0", Accept:"*/*", Postman-Token:"8b8a9108-8653-45e2-b068-9368be3715dc", Host:"localhost:8080", Accept-Encoding:"gzip, deflate, br", Connection:"keep-alive", Content-Length:"155", Content-Type:"application/json;charset=UTF-8"]]
2026-07-27 20:40:20 DEBUG o.s.w.f.CommonsRequestLoggingFilter - After request [POST /aiexpense/api/financeusers/register, headers=[User-Agent:"PostmanRuntime/7.54.0", Accept:"*/*", Postman-Token:"8b8a9108-8653-45e2-b068-9368be3715dc", Host:"localhost:8080", Accept-Encoding:"gzip, deflate, br", Connection:"keep-alive", Content-Length:"155", Content-Type:"application/json;charset=UTF-8"], payload={
    "firstName": "Vinayak",
    "lastName": "Sharma",
    "email": "vinayak1234561@gmail.com",
    "password": "Vinayak@2001",
    "role": "USER"
}]
2026-07-27 20:40:20 TRACE org.zalando.logbook.Logbook - Outgoing Response: 8475677ad754fa95
Duration: 171 ms
HTTP/1.1 200 OK
Cache-Control: no-cache, no-store, max-age=0, must-revalidate
Connection: keep-alive
Content-Type: application/json
Date: Mon, 27 Jul 2026 15:10:20 GMT
Expires: 0
Keep-Alive: timeout=60
Pragma: no-cache
Transfer-Encoding: chunked
X-Content-Type-Options: nosniff
X-XSS-Protection: 0

{"accountId":6,"active":true,"createdAt":"2026-07-27T20:40:20.2248541","email":"vinayak1234561@gmail.com","firstName":"Vinayak","lastName":"Sharma","mobileNumber":null,"password":"$2a$10$Lf7Zl8m3kXOhVpvn.Qm4VeBXdh7.9KnOiBciO/4AYsgawE/dwMmm2","role":"USER","updatedAt":null,"userId":"ZBSL8Y_1785165020224"}
2026-07-27 20:40:38 TRACE org.zalando.logbook.Logbook - Incoming Request: b59a43adafa77da9
Remote: 0:0:0:0:0:0:0:1
POST http://localhost:8080/aiexpense/api/auth/login HTTP/1.1
Accept: */*
Accept-Encoding: gzip, deflate, br
Connection: keep-alive
Content-Length: 72
Content-Type: application/json
Host: localhost:8080
Postman-Token: 0225216b-fdec-45c7-a043-cd38e42e0d0d
User-Agent: PostmanRuntime/7.54.0

{"username":"vinayak@gmail.com","password":"Vinayak@2001"}
2026-07-27 20:40:38 DEBUG o.s.w.f.CommonsRequestLoggingFilter - Before request [POST /aiexpense/api/auth/login, headers=[User-Agent:"PostmanRuntime/7.54.0", Accept:"*/*", Postman-Token:"0225216b-fdec-45c7-a043-cd38e42e0d0d", Host:"localhost:8080", Accept-Encoding:"gzip, deflate, br", Connection:"keep-alive", Content-Length:"72", Content-Type:"application/json;charset=UTF-8"]]
2026-07-27 20:40:39 DEBUG o.s.w.f.CommonsRequestLoggingFilter - After request [POST /aiexpense/api/auth/login, headers=[User-Agent:"PostmanRuntime/7.54.0", Accept:"*/*", Postman-Token:"0225216b-fdec-45c7-a043-cd38e42e0d0d", Host:"localhost:8080", Accept-Encoding:"gzip, deflate, br", Connection:"keep-alive", Content-Length:"72", Content-Type:"application/json;charset=UTF-8"], payload={
  "username": "vinayak@gmail.com",
  "password": "Vinayak@2001"
}
]
2026-07-27 20:40:39 TRACE org.zalando.logbook.Logbook - Outgoing Response: b59a43adafa77da9
Duration: 568 ms
HTTP/1.1 200 OK
Cache-Control: no-cache, no-store, max-age=0, must-revalidate
Connection: keep-alive
Content-Type: application/json
Date: Mon, 27 Jul 2026 15:10:39 GMT
Expires: 0
Keep-Alive: timeout=60
Pragma: no-cache
Transfer-Encoding: chunked
X-Content-Type-Options: nosniff
X-XSS-Protection: 0

{"token":"eyJhbGciOiJIUzI1NiJ9.eyJzdWIiOiJ2aW5heWFrQGdtYWlsLmNvbSIsImlhdCI6MTc4NTE2NTAzOSwiZXhwIjoxNzg1MTY4NjM5fQ.hOlKC7C15rzJLjrNTGzlf5STy3C38awTLFcwrE58EtU"}
2026-07-27 20:41:04 TRACE org.zalando.logbook.Logbook - Incoming Request: f992f16ee3aae03d
Remote: 0:0:0:0:0:0:0:1
POST http://localhost:8080/aiexpense/api/expenses/add HTTP/1.1
Accept: */*
Accept-Encoding: gzip, deflate, br
Authorization: XXX
Connection: keep-alive
Content-Length: 71
Content-Type: application/json
Host: localhost:8080
Postman-Token: 1b3e3f83-6874-4614-a808-ea6d078e8a6a
User-Agent: PostmanRuntime/7.54.0

{"amount":500,"category":"Food","description":"Lunch"}
2026-07-27 20:41:04 DEBUG o.s.w.f.CommonsRequestLoggingFilter - Before request [POST /aiexpense/api/expenses/add, headers=[Authorization:"Bearer eyJhbGciOiJIUzI1NiJ9.eyJzdWIiOiJ2aW5heWFrQGdtYWlsLmNvbSIsImlhdCI6MTc4NTE2NTAzOSwiZXhwIjoxNzg1MTY4NjM5fQ.hOlKC7C15rzJLjrNTGzlf5STy3C38awTLFcwrE58EtU", User-Agent:"PostmanRuntime/7.54.0", Accept:"*/*", Postman-Token:"1b3e3f83-6874-4614-a808-ea6d078e8a6a", Host:"localhost:8080", Accept-Encoding:"gzip, deflate, br", Connection:"keep-alive", Content-Length:"71", Content-Type:"application/json;charset=UTF-8"]]
2026-07-27 20:41:04 DEBUG o.s.w.f.CommonsRequestLoggingFilter - After request [POST /aiexpense/api/expenses/add, headers=[Authorization:"Bearer eyJhbGciOiJIUzI1NiJ9.eyJzdWIiOiJ2aW5heWFrQGdtYWlsLmNvbSIsImlhdCI6MTc4NTE2NTAzOSwiZXhwIjoxNzg1MTY4NjM5fQ.hOlKC7C15rzJLjrNTGzlf5STy3C38awTLFcwrE58EtU", User-Agent:"PostmanRuntime/7.54.0", Accept:"*/*", Postman-Token:"1b3e3f83-6874-4614-a808-ea6d078e8a6a", Host:"localhost:8080", Accept-Encoding:"gzip, deflate, br", Connection:"keep-alive", Content-Length:"71", Content-Type:"application/json;charset=UTF-8"], payload={
  "amount": 500,
  "category": "Food",
  "description": "Lunch"
}]
2026-07-27 20:41:04 TRACE org.zalando.logbook.Logbook - Outgoing Response: f992f16ee3aae03d
Duration: 63 ms
HTTP/1.1 200 OK
Cache-Control: no-cache, no-store, max-age=0, must-revalidate
Connection: keep-alive
Content-Type: application/json
Date: Mon, 27 Jul 2026 15:11:04 GMT
Expires: 0
Keep-Alive: timeout=60
Pragma: no-cache
Transfer-Encoding: chunked
X-Content-Type-Options: nosniff
X-XSS-Protection: 0

{"id":3,"amount":500.0,"category":"Food","description":"Lunch","userEmail":"vinayak@gmail.com","createdAt":"2026-07-27T20:41:04.0588244"}
2026-07-27 20:44:51 TRACE org.zalando.logbook.Logbook - Incoming Request: 972ab1fcc893575b
Remote: 0:0:0:0:0:0:0:1
DELETE http://localhost:8080/aiexpense/api/expenses/1 HTTP/1.1
Accept: */*
Accept-Encoding: gzip, deflate, br
Authorization: XXX
Connection: keep-alive
Host: localhost:8080
Postman-Token: c5928047-3cb7-4f3a-b168-1b9414738b56
User-Agent: PostmanRuntime/7.54.0
2026-07-27 20:44:51 DEBUG o.s.w.f.CommonsRequestLoggingFilter - Before request [DELETE /aiexpense/api/expenses/1, headers=[Authorization:"Bearer eyJhbGciOiJIUzI1NiJ9.eyJzdWIiOiJ2aW5heWFrQGdtYWlsLmNvbSIsImlhdCI6MTc4NTE2NTAzOSwiZXhwIjoxNzg1MTY4NjM5fQ.hOlKC7C15rzJLjrNTGzlf5STy3C38awTLFcwrE58EtU", User-Agent:"PostmanRuntime/7.54.0", Accept:"*/*", Postman-Token:"c5928047-3cb7-4f3a-b168-1b9414738b56", Host:"localhost:8080", Accept-Encoding:"gzip, deflate, br", Connection:"keep-alive"]]
2026-07-27 20:44:51 DEBUG o.s.w.f.CommonsRequestLoggingFilter - After request [DELETE /aiexpense/api/expenses/1, headers=[Authorization:"Bearer eyJhbGciOiJIUzI1NiJ9.eyJzdWIiOiJ2aW5heWFrQGdtYWlsLmNvbSIsImlhdCI6MTc4NTE2NTAzOSwiZXhwIjoxNzg1MTY4NjM5fQ.hOlKC7C15rzJLjrNTGzlf5STy3C38awTLFcwrE58EtU", User-Agent:"PostmanRuntime/7.54.0", Accept:"*/*", Postman-Token:"c5928047-3cb7-4f3a-b168-1b9414738b56", Host:"localhost:8080", Accept-Encoding:"gzip, deflate, br", Connection:"keep-alive"]]
2026-07-27 20:44:51 TRACE org.zalando.logbook.Logbook - Outgoing Response: 972ab1fcc893575b
Duration: 99 ms
HTTP/1.1 200 OK
Cache-Control: no-cache, no-store, max-age=0, must-revalidate
Connection: keep-alive
Content-Length: 28
Content-Type: text/plain;charset=UTF-8
Date: Mon, 27 Jul 2026 15:14:51 GMT
Expires: 0
Keep-Alive: timeout=60
Pragma: no-cache
X-Content-Type-Options: nosniff
X-XSS-Protection: 0

Expense Deleted Successfully
2026-07-27 20:47:40 TRACE org.zalando.logbook.Logbook - Incoming Request: ba22eb48a2371888
Remote: 0:0:0:0:0:0:0:1
GET http://localhost:8080/aiexpense/api/expenses/my HTTP/1.1
Accept: */*
Accept-Encoding: gzip, deflate, br
Connection: keep-alive
Host: localhost:8080
Postman-Token: 17645fd3-28cd-4119-bb00-8343f9c77b7f
User-Agent: PostmanRuntime/7.54.0
2026-07-27 20:47:40 TRACE org.zalando.logbook.Logbook - Outgoing Response: ba22eb48a2371888
Duration: 51 ms
HTTP/1.1 401 Unauthorized
Cache-Control: no-cache, no-store, max-age=0, must-revalidate
Connection: keep-alive
Content-Type: application/json
Date: Mon, 27 Jul 2026 15:17:40 GMT
Expires: 0
Keep-Alive: timeout=60
Pragma: no-cache
Transfer-Encoding: chunked
X-Content-Type-Options: nosniff
X-XSS-Protection: 0

{"status":401,"error":"UNAUTHORIZED","message":"Invalid or Missing JWT Token"}
2026-07-27 20:48:05 ERROR o.a.c.c.C.[.[.[.[dispatcherServlet] - Servlet.service() for servlet [dispatcherServlet] in context with path [/aiexpense] threw exception
io.jsonwebtoken.MalformedJwtException: JWT strings must contain exactly 2 period characters. Found: 0
	at io.jsonwebtoken.impl.DefaultJwtParser.parse(DefaultJwtParser.java:275)
	at io.jsonwebtoken.impl.DefaultJwtParser.parse(DefaultJwtParser.java:529)
	at io.jsonwebtoken.impl.DefaultJwtParser.parseClaimsJws(DefaultJwtParser.java:589)
	at io.jsonwebtoken.impl.ImmutableJwtParser.parseClaimsJws(ImmutableJwtParser.java:173)
	at com.damon.ai.expense.trackerr.aiexpensetracker.util.JwtUtil.extractUsername(JwtUtil.java:35)
	at com.damon.ai.expense.trackerr.aiexpensetracker.filter.JwtAuthFilter.doFilterInternal(JwtAuthFilter.java:48)
	at org.springframework.web.filter.OncePerRequestFilter.doFilter(OncePerRequestFilter.java:116)
	at org.springframework.security.web.FilterChainProxy$VirtualFilterChain.doFilter(FilterChainProxy.java:385)
	at org.springframework.security.web.authentication.logout.LogoutFilter.doFilter(LogoutFilter.java:110)
	at org.springframework.security.web.authentication.logout.LogoutFilter.doFilter(LogoutFilter.java:96)
	at org.springframework.security.web.FilterChainProxy$VirtualFilterChain.doFilter(FilterChainProxy.java:385)
	at org.springframework.security.web.header.HeaderWriterFilter.doHeadersAfter(HeaderWriterFilter.java:90)
	at org.springframework.security.web.header.HeaderWriterFilter.doFilterInternal(HeaderWriterFilter.java:75)
	at org.springframework.web.filter.OncePerRequestFilter.doFilter(OncePerRequestFilter.java:116)
	at org.springframework.security.web.FilterChainProxy$VirtualFilterChain.doFilter(FilterChainProxy.java:385)
	at org.springframework.security.web.context.SecurityContextHolderFilter.doFilter(SecurityContextHolderFilter.java:82)
	at org.springframework.security.web.context.SecurityContextHolderFilter.doFilter(SecurityContextHolderFilter.java:69)
	at org.springframework.security.web.FilterChainProxy$VirtualFilterChain.doFilter(FilterChainProxy.java:385)
	at org.springframework.security.web.context.request.async.WebAsyncManagerIntegrationFilter.doFilterInternal(WebAsyncManagerIntegrationFilter.java:62)
	at org.springframework.web.filter.OncePerRequestFilter.doFilter(OncePerRequestFilter.java:116)
	at org.springframework.security.web.FilterChainProxy$VirtualFilterChain.doFilter(FilterChainProxy.java:385)
	at org.springframework.security.web.session.DisableEncodeUrlFilter.doFilterInternal(DisableEncodeUrlFilter.java:42)
	at org.springframework.web.filter.OncePerRequestFilter.doFilter(OncePerRequestFilter.java:116)
	at org.springframework.security.web.FilterChainProxy$VirtualFilterChain.doFilter(FilterChainProxy.java:385)
	at org.springframework.security.web.FilterChainProxy.doFilterInternal(FilterChainProxy.java:237)
	at org.springframework.security.web.FilterChainProxy.doFilter(FilterChainProxy.java:195)
	at org.springframework.web.filter.CompositeFilter$VirtualFilterChain.doFilter(CompositeFilter.java:113)
	at org.springframework.web.filter.ServletRequestPathFilter.doFilter(ServletRequestPathFilter.java:52)
	at org.springframework.web.filter.CompositeFilter$VirtualFilterChain.doFilter(CompositeFilter.java:113)
	at org.springframework.web.filter.CompositeFilter.doFilter(CompositeFilter.java:74)
	at org.springframework.security.config.annotation.web.configuration.WebSecurityConfiguration$CompositeFilterChainProxy.doFilter(WebSecurityConfiguration.java:317)
	at org.springframework.web.filter.DelegatingFilterProxy.invokeDelegate(DelegatingFilterProxy.java:355)
	at org.springframework.web.filter.DelegatingFilterProxy.doFilter(DelegatingFilterProxy.java:272)
	at org.apache.catalina.core.ApplicationFilterChain.doFilter(ApplicationFilterChain.java:107)
	at org.springframework.web.filter.RequestContextFilter.doFilterInternal(RequestContextFilter.java:100)
	at org.springframework.web.filter.OncePerRequestFilter.doFilter(OncePerRequestFilter.java:116)
	at org.apache.catalina.core.ApplicationFilterChain.doFilter(ApplicationFilterChain.java:107)
	at org.springframework.web.filter.FormContentFilter.doFilterInternal(FormContentFilter.java:93)
	at org.springframework.web.filter.OncePerRequestFilter.doFilter(OncePerRequestFilter.java:116)
	at org.apache.catalina.core.ApplicationFilterChain.doFilter(ApplicationFilterChain.java:107)
	at org.zalando.logbook.servlet.LogbookFilter.doFilter(LogbookFilter.java:76)
	at org.zalando.logbook.servlet.SecureLogbookFilter.doFilter(SecureLogbookFilter.java:32)
	at org.zalando.logbook.servlet.HttpFilter.doFilter(HttpFilter.java:32)
	at org.apache.catalina.core.ApplicationFilterChain.doFilter(ApplicationFilterChain.java:107)
	at org.springframework.web.filter.CharacterEncodingFilter.doFilterInternal(CharacterEncodingFilter.java:199)
	at org.springframework.web.filter.OncePerRequestFilter.doFilter(OncePerRequestFilter.java:116)
	at org.apache.catalina.core.ApplicationFilterChain.doFilter(ApplicationFilterChain.java:107)
	at org.apache.catalina.core.StandardWrapperValve.invoke(StandardWrapperValve.java:165)
	at org.apache.catalina.core.StandardContextValve.invoke(StandardContextValve.java:77)
	at org.apache.catalina.authenticator.AuthenticatorBase.invoke(AuthenticatorBase.java:492)
	at org.apache.catalina.core.StandardHostValve.invoke(StandardHostValve.java:113)
	at org.apache.catalina.valves.ErrorReportValve.invoke(ErrorReportValve.java:83)
	at org.apache.catalina.core.StandardEngineValve.invoke(StandardEngineValve.java:72)
	at org.apache.catalina.connector.CoyoteAdapter.service(CoyoteAdapter.java:341)
	at org.apache.coyote.http11.Http11Processor.service(Http11Processor.java:397)
	at org.apache.coyote.AbstractProcessorLight.process(AbstractProcessorLight.java:63)
	at org.apache.coyote.AbstractProtocol$ConnectionHandler.process(AbstractProtocol.java:1272)
	at org.apache.tomcat.util.net.NioEndpoint$SocketProcessor.doRun(NioEndpoint.java:1801)
	at org.apache.tomcat.util.net.SocketProcessorBase.run(SocketProcessorBase.java:52)
	at org.apache.tomcat.util.threads.ThreadPoolExecutor.runWorker(ThreadPoolExecutor.java:946)
	at org.apache.tomcat.util.threads.ThreadPoolExecutor$Worker.run(ThreadPoolExecutor.java:480)
	at org.apache.tomcat.util.threads.TaskThread$WrappingRunnable.run(TaskThread.java:57)
	at java.base/java.lang.Thread.run(Thread.java:1583)
2026-07-27 20:49:48 ERROR o.a.c.c.C.[.[.[.[dispatcherServlet] - Servlet.service() for servlet [dispatcherServlet] in context with path [/aiexpense] threw exception
io.jsonwebtoken.MalformedJwtException: JWT strings must contain exactly 2 period characters. Found: 0
	at io.jsonwebtoken.impl.DefaultJwtParser.parse(DefaultJwtParser.java:275)
	at io.jsonwebtoken.impl.DefaultJwtParser.parse(DefaultJwtParser.java:529)
	at io.jsonwebtoken.impl.DefaultJwtParser.parseClaimsJws(DefaultJwtParser.java:589)
	at io.jsonwebtoken.impl.ImmutableJwtParser.parseClaimsJws(ImmutableJwtParser.java:173)
	at com.damon.ai.expense.trackerr.aiexpensetracker.util.JwtUtil.extractUsername(JwtUtil.java:35)
	at com.damon.ai.expense.trackerr.aiexpensetracker.filter.JwtAuthFilter.doFilterInternal(JwtAuthFilter.java:48)
	at org.springframework.web.filter.OncePerRequestFilter.doFilter(OncePerRequestFilter.java:116)
	at org.springframework.security.web.FilterChainProxy$VirtualFilterChain.doFilter(FilterChainProxy.java:385)
	at org.springframework.security.web.authentication.logout.LogoutFilter.doFilter(LogoutFilter.java:110)
	at org.springframework.security.web.authentication.logout.LogoutFilter.doFilter(LogoutFilter.java:96)
	at org.springframework.security.web.FilterChainProxy$VirtualFilterChain.doFilter(FilterChainProxy.java:385)
	at org.springframework.security.web.header.HeaderWriterFilter.doHeadersAfter(HeaderWriterFilter.java:90)
	at org.springframework.security.web.header.HeaderWriterFilter.doFilterInternal(HeaderWriterFilter.java:75)
	at org.springframework.web.filter.OncePerRequestFilter.doFilter(OncePerRequestFilter.java:116)
	at org.springframework.security.web.FilterChainProxy$VirtualFilterChain.doFilter(FilterChainProxy.java:385)
	at org.springframework.security.web.context.SecurityContextHolderFilter.doFilter(SecurityContextHolderFilter.java:82)
	at org.springframework.security.web.context.SecurityContextHolderFilter.doFilter(SecurityContextHolderFilter.java:69)
	at org.springframework.security.web.FilterChainProxy$VirtualFilterChain.doFilter(FilterChainProxy.java:385)
	at org.springframework.security.web.context.request.async.WebAsyncManagerIntegrationFilter.doFilterInternal(WebAsyncManagerIntegrationFilter.java:62)
	at org.springframework.web.filter.OncePerRequestFilter.doFilter(OncePerRequestFilter.java:116)
	at org.springframework.security.web.FilterChainProxy$VirtualFilterChain.doFilter(FilterChainProxy.java:385)
	at org.springframework.security.web.session.DisableEncodeUrlFilter.doFilterInternal(DisableEncodeUrlFilter.java:42)
	at org.springframework.web.filter.OncePerRequestFilter.doFilter(OncePerRequestFilter.java:116)
	at org.springframework.security.web.FilterChainProxy$VirtualFilterChain.doFilter(FilterChainProxy.java:385)
	at org.springframework.security.web.FilterChainProxy.doFilterInternal(FilterChainProxy.java:237)
	at org.springframework.security.web.FilterChainProxy.doFilter(FilterChainProxy.java:195)
	at org.springframework.web.filter.CompositeFilter$VirtualFilterChain.doFilter(CompositeFilter.java:113)
	at org.springframework.web.filter.ServletRequestPathFilter.doFilter(ServletRequestPathFilter.java:52)
	at org.springframework.web.filter.CompositeFilter$VirtualFilterChain.doFilter(CompositeFilter.java:113)
	at org.springframework.web.filter.CompositeFilter.doFilter(CompositeFilter.java:74)
	at org.springframework.security.config.annotation.web.configuration.WebSecurityConfiguration$CompositeFilterChainProxy.doFilter(WebSecurityConfiguration.java:317)
	at org.springframework.web.filter.DelegatingFilterProxy.invokeDelegate(DelegatingFilterProxy.java:355)
	at org.springframework.web.filter.DelegatingFilterProxy.doFilter(DelegatingFilterProxy.java:272)
	at org.apache.catalina.core.ApplicationFilterChain.doFilter(ApplicationFilterChain.java:107)
	at org.springframework.web.filter.RequestContextFilter.doFilterInternal(RequestContextFilter.java:100)
	at org.springframework.web.filter.OncePerRequestFilter.doFilter(OncePerRequestFilter.java:116)
	at org.apache.catalina.core.ApplicationFilterChain.doFilter(ApplicationFilterChain.java:107)
	at org.springframework.web.filter.FormContentFilter.doFilterInternal(FormContentFilter.java:93)
	at org.springframework.web.filter.OncePerRequestFilter.doFilter(OncePerRequestFilter.java:116)
	at org.apache.catalina.core.ApplicationFilterChain.doFilter(ApplicationFilterChain.java:107)
	at org.zalando.logbook.servlet.LogbookFilter.doFilter(LogbookFilter.java:76)
	at org.zalando.logbook.servlet.SecureLogbookFilter.doFilter(SecureLogbookFilter.java:32)
	at org.zalando.logbook.servlet.HttpFilter.doFilter(HttpFilter.java:32)
	at org.apache.catalina.core.ApplicationFilterChain.doFilter(ApplicationFilterChain.java:107)
	at org.springframework.web.filter.CharacterEncodingFilter.doFilterInternal(CharacterEncodingFilter.java:199)
	at org.springframework.web.filter.OncePerRequestFilter.doFilter(OncePerRequestFilter.java:116)
	at org.apache.catalina.core.ApplicationFilterChain.doFilter(ApplicationFilterChain.java:107)
	at org.apache.catalina.core.StandardWrapperValve.invoke(StandardWrapperValve.java:165)
	at org.apache.catalina.core.StandardContextValve.invoke(StandardContextValve.java:77)
	at org.apache.catalina.authenticator.AuthenticatorBase.invoke(AuthenticatorBase.java:492)
	at org.apache.catalina.core.StandardHostValve.invoke(StandardHostValve.java:113)
	at org.apache.catalina.valves.ErrorReportValve.invoke(ErrorReportValve.java:83)
	at org.apache.catalina.core.StandardEngineValve.invoke(StandardEngineValve.java:72)
	at org.apache.catalina.connector.CoyoteAdapter.service(CoyoteAdapter.java:341)
	at org.apache.coyote.http11.Http11Processor.service(Http11Processor.java:397)
	at org.apache.coyote.AbstractProcessorLight.process(AbstractProcessorLight.java:63)
	at org.apache.coyote.AbstractProtocol$ConnectionHandler.process(AbstractProtocol.java:1272)
	at org.apache.tomcat.util.net.NioEndpoint$SocketProcessor.doRun(NioEndpoint.java:1801)
	at org.apache.tomcat.util.net.SocketProcessorBase.run(SocketProcessorBase.java:52)
	at org.apache.tomcat.util.threads.ThreadPoolExecutor.runWorker(ThreadPoolExecutor.java:946)
	at org.apache.tomcat.util.threads.ThreadPoolExecutor$Worker.run(ThreadPoolExecutor.java:480)
	at org.apache.tomcat.util.threads.TaskThread$WrappingRunnable.run(TaskThread.java:57)
	at java.base/java.lang.Thread.run(Thread.java:1583)
2026-07-27 20:50:58 TRACE org.zalando.logbook.Logbook - Incoming Request: fb887cb31e7d4261
Remote: 0:0:0:0:0:0:0:1
POST http://localhost:8080/aiexpense/api/auth/login HTTP/1.1
Accept: */*
Accept-Encoding: gzip, deflate, br
Connection: keep-alive
Content-Length: 72
Content-Type: application/json
Host: localhost:8080
Postman-Token: b7f5c476-3f00-48cb-a724-971feeef0f33
User-Agent: PostmanRuntime/7.54.0

{"username":"vinayak@gmail.com","password":"Vinayak@2001"}
2026-07-27 20:50:58 DEBUG o.s.w.f.CommonsRequestLoggingFilter - Before request [POST /aiexpense/api/auth/login, headers=[User-Agent:"PostmanRuntime/7.54.0", Accept:"*/*", Postman-Token:"b7f5c476-3f00-48cb-a724-971feeef0f33", Host:"localhost:8080", Accept-Encoding:"gzip, deflate, br", Connection:"keep-alive", Content-Length:"72", Content-Type:"application/json;charset=UTF-8"]]
2026-07-27 20:50:58 DEBUG o.s.w.f.CommonsRequestLoggingFilter - After request [POST /aiexpense/api/auth/login, headers=[User-Agent:"PostmanRuntime/7.54.0", Accept:"*/*", Postman-Token:"b7f5c476-3f00-48cb-a724-971feeef0f33", Host:"localhost:8080", Accept-Encoding:"gzip, deflate, br", Connection:"keep-alive", Content-Length:"72", Content-Type:"application/json;charset=UTF-8"], payload={
  "username": "vinayak@gmail.com",
  "password": "Vinayak@2001"
}
]
2026-07-27 20:50:58 TRACE org.zalando.logbook.Logbook - Outgoing Response: fb887cb31e7d4261
Duration: 142 ms
HTTP/1.1 200 OK
Cache-Control: no-cache, no-store, max-age=0, must-revalidate
Connection: keep-alive
Content-Type: application/json
Date: Mon, 27 Jul 2026 15:20:58 GMT
Expires: 0
Keep-Alive: timeout=60
Pragma: no-cache
Transfer-Encoding: chunked
X-Content-Type-Options: nosniff
X-XSS-Protection: 0

{"token":"eyJhbGciOiJIUzI1NiJ9.eyJzdWIiOiJ2aW5heWFrQGdtYWlsLmNvbSIsImlhdCI6MTc4NTE2NTY1OCwiZXhwIjoxNzg1MTY5MjU4fQ.CnuFqd-YW-gVtqswUyjX32HmIYyReHITjaHBKgaF90c"}
2026-07-27 20:51:09 TRACE org.zalando.logbook.Logbook - Incoming Request: e4a7b319581c92dc
Remote: 0:0:0:0:0:0:0:1
GET http://localhost:8080/aiexpense/api/expenses/my HTTP/1.1
Accept: */*
Accept-Encoding: gzip, deflate, br
Authorization: XXX
Connection: keep-alive
Host: localhost:8080
Postman-Token: 4bb597c2-f73b-4e74-8372-d8016a010671
User-Agent: PostmanRuntime/7.54.0
2026-07-27 20:51:09 DEBUG o.s.w.f.CommonsRequestLoggingFilter - Before request [GET /aiexpense/api/expenses/my, headers=[Authorization:"Bearer eyJhbGciOiJIUzI1NiJ9.eyJzdWIiOiJ2aW5heWFrQGdtYWlsLmNvbSIsImlhdCI6MTc4NTE2NTY1OCwiZXhwIjoxNzg1MTY5MjU4fQ.CnuFqd-YW-gVtqswUyjX32HmIYyReHITjaHBKgaF90c", User-Agent:"PostmanRuntime/7.54.0", Accept:"*/*", Postman-Token:"4bb597c2-f73b-4e74-8372-d8016a010671", Host:"localhost:8080", Accept-Encoding:"gzip, deflate, br", Connection:"keep-alive"]]
2026-07-27 20:51:09 DEBUG o.s.w.f.CommonsRequestLoggingFilter - After request [GET /aiexpense/api/expenses/my, headers=[Authorization:"Bearer eyJhbGciOiJIUzI1NiJ9.eyJzdWIiOiJ2aW5heWFrQGdtYWlsLmNvbSIsImlhdCI6MTc4NTE2NTY1OCwiZXhwIjoxNzg1MTY5MjU4fQ.CnuFqd-YW-gVtqswUyjX32HmIYyReHITjaHBKgaF90c", User-Agent:"PostmanRuntime/7.54.0", Accept:"*/*", Postman-Token:"4bb597c2-f73b-4e74-8372-d8016a010671", Host:"localhost:8080", Accept-Encoding:"gzip, deflate, br", Connection:"keep-alive"]]
2026-07-27 20:51:09 TRACE org.zalando.logbook.Logbook - Outgoing Response: e4a7b319581c92dc
Duration: 38 ms
HTTP/1.1 200 OK
Cache-Control: no-cache, no-store, max-age=0, must-revalidate
Connection: keep-alive
Content-Type: application/json
Date: Mon, 27 Jul 2026 15:21:09 GMT
Expires: 0
Keep-Alive: timeout=60
Pragma: no-cache
Transfer-Encoding: chunked
X-Content-Type-Options: nosniff
X-XSS-Protection: 0

[{"id":2,"amount":500.0,"category":"Food","description":"Lunch","userEmail":"vinayak@gmail.com","createdAt":"2026-06-08T16:09:46.147157"},{"id":3,"amount":500.0,"category":"Food","description":"Lunch","userEmail":"vinayak@gmail.com","createdAt":"2026-07-27T20:41:04.058824"}]
2026-07-27 20:55:35 TRACE org.zalando.logbook.Logbook - Incoming Request: de96355e04d36151
Remote: 0:0:0:0:0:0:0:1
POST http://localhost:8080/aiexpense/api/auth/login HTTP/1.1
Accept: */*
Accept-Encoding: gzip, deflate, br
Connection: keep-alive
Content-Length: 73
Content-Type: application/json
Host: localhost:8080
Postman-Token: c7311196-adc3-4ba7-b0c9-8536fa3951cc
User-Agent: PostmanRuntime/7.54.0

{"username":"vinayak1@gmail.com","password":"Vinayak@2001"}
2026-07-27 20:55:35 DEBUG o.s.w.f.CommonsRequestLoggingFilter - Before request [POST /aiexpense/api/auth/login, headers=[User-Agent:"PostmanRuntime/7.54.0", Accept:"*/*", Postman-Token:"c7311196-adc3-4ba7-b0c9-8536fa3951cc", Host:"localhost:8080", Accept-Encoding:"gzip, deflate, br", Connection:"keep-alive", Content-Length:"73", Content-Type:"application/json;charset=UTF-8"]]
2026-07-27 20:55:36 DEBUG o.s.w.f.CommonsRequestLoggingFilter - After request [POST /aiexpense/api/auth/login, headers=[User-Agent:"PostmanRuntime/7.54.0", Accept:"*/*", Postman-Token:"c7311196-adc3-4ba7-b0c9-8536fa3951cc", Host:"localhost:8080", Accept-Encoding:"gzip, deflate, br", Connection:"keep-alive", Content-Length:"73", Content-Type:"application/json;charset=UTF-8"], payload={
  "username": "vinayak1@gmail.com",
  "password": "Vinayak@2001"
}
]
2026-07-27 20:55:36 TRACE org.zalando.logbook.Logbook - Outgoing Response: de96355e04d36151
Duration: 158 ms
HTTP/1.1 200 OK
Cache-Control: no-cache, no-store, max-age=0, must-revalidate
Connection: keep-alive
Content-Type: application/json
Date: Mon, 27 Jul 2026 15:25:36 GMT
Expires: 0
Keep-Alive: timeout=60
Pragma: no-cache
Transfer-Encoding: chunked
X-Content-Type-Options: nosniff
X-XSS-Protection: 0

{"token":"eyJhbGciOiJIUzI1NiJ9.eyJzdWIiOiJ2aW5heWFrMUBnbWFpbC5jb20iLCJpYXQiOjE3ODUxNjU5MzYsImV4cCI6MTc4NTE2OTUzNn0.wLpy7mW3127xLHudfzMb85PA__V6_Rt5J5tuP8QWEEM"}
2026-07-27 20:55:50 TRACE org.zalando.logbook.Logbook - Incoming Request: e2542f7b881d9c87
Remote: 0:0:0:0:0:0:0:1
POST http://localhost:8080/aiexpense/api/expenses/add HTTP/1.1
Accept: */*
Accept-Encoding: gzip, deflate, br
Authorization: XXX
Connection: keep-alive
Content-Length: 71
Content-Type: application/json
Host: localhost:8080
Postman-Token: b458f3da-340d-4de0-9723-b5ae28094ddb
User-Agent: PostmanRuntime/7.54.0

{"amount":500,"category":"Food","description":"Lunch"}
2026-07-27 20:55:50 DEBUG o.s.w.f.CommonsRequestLoggingFilter - Before request [POST /aiexpense/api/expenses/add, headers=[Authorization:"Bearer eyJhbGciOiJIUzI1NiJ9.eyJzdWIiOiJ2aW5heWFrMUBnbWFpbC5jb20iLCJpYXQiOjE3ODUxNjU5MzYsImV4cCI6MTc4NTE2OTUzNn0.wLpy7mW3127xLHudfzMb85PA__V6_Rt5J5tuP8QWEEM", User-Agent:"PostmanRuntime/7.54.0", Accept:"*/*", Postman-Token:"b458f3da-340d-4de0-9723-b5ae28094ddb", Host:"localhost:8080", Accept-Encoding:"gzip, deflate, br", Connection:"keep-alive", Content-Length:"71", Content-Type:"application/json;charset=UTF-8"]]
2026-07-27 20:55:50 DEBUG o.s.w.f.CommonsRequestLoggingFilter - After request [POST /aiexpense/api/expenses/add, headers=[Authorization:"Bearer eyJhbGciOiJIUzI1NiJ9.eyJzdWIiOiJ2aW5heWFrMUBnbWFpbC5jb20iLCJpYXQiOjE3ODUxNjU5MzYsImV4cCI6MTc4NTE2OTUzNn0.wLpy7mW3127xLHudfzMb85PA__V6_Rt5J5tuP8QWEEM", User-Agent:"PostmanRuntime/7.54.0", Accept:"*/*", Postman-Token:"b458f3da-340d-4de0-9723-b5ae28094ddb", Host:"localhost:8080", Accept-Encoding:"gzip, deflate, br", Connection:"keep-alive", Content-Length:"71", Content-Type:"application/json;charset=UTF-8"], payload={
  "amount": 500,
  "category": "Food",
  "description": "Lunch"
}]
2026-07-27 20:55:50 TRACE org.zalando.logbook.Logbook - Outgoing Response: e2542f7b881d9c87
Duration: 45 ms
HTTP/1.1 200 OK
Cache-Control: no-cache, no-store, max-age=0, must-revalidate
Connection: keep-alive
Content-Type: application/json
Date: Mon, 27 Jul 2026 15:25:50 GMT
Expires: 0
Keep-Alive: timeout=60
Pragma: no-cache
Transfer-Encoding: chunked
X-Content-Type-Options: nosniff
X-XSS-Protection: 0

{"id":4,"amount":500.0,"category":"Food","description":"Lunch","userEmail":"vinayak1@gmail.com","createdAt":"2026-07-27T20:55:50.9007114"}
2026-07-27 20:56:09 TRACE org.zalando.logbook.Logbook - Incoming Request: b258d622103fa76a
Remote: 0:0:0:0:0:0:0:1
GET http://localhost:8080/aiexpense/api/expenses/my HTTP/1.1
Accept: */*
Accept-Encoding: gzip, deflate, br
Authorization: XXX
Connection: keep-alive
Host: localhost:8080
Postman-Token: f7da2043-e2dc-4339-8761-b0624cff11ba
User-Agent: PostmanRuntime/7.54.0
2026-07-27 20:56:09 DEBUG o.s.w.f.CommonsRequestLoggingFilter - Before request [GET /aiexpense/api/expenses/my, headers=[Authorization:"Bearer eyJhbGciOiJIUzI1NiJ9.eyJzdWIiOiJ2aW5heWFrMUBnbWFpbC5jb20iLCJpYXQiOjE3ODUxNjU5MzYsImV4cCI6MTc4NTE2OTUzNn0.wLpy7mW3127xLHudfzMb85PA__V6_Rt5J5tuP8QWEEM", User-Agent:"PostmanRuntime/7.54.0", Accept:"*/*", Postman-Token:"f7da2043-e2dc-4339-8761-b0624cff11ba", Host:"localhost:8080", Accept-Encoding:"gzip, deflate, br", Connection:"keep-alive"]]
2026-07-27 20:56:09 DEBUG o.s.w.f.CommonsRequestLoggingFilter - After request [GET /aiexpense/api/expenses/my, headers=[Authorization:"Bearer eyJhbGciOiJIUzI1NiJ9.eyJzdWIiOiJ2aW5heWFrMUBnbWFpbC5jb20iLCJpYXQiOjE3ODUxNjU5MzYsImV4cCI6MTc4NTE2OTUzNn0.wLpy7mW3127xLHudfzMb85PA__V6_Rt5J5tuP8QWEEM", User-Agent:"PostmanRuntime/7.54.0", Accept:"*/*", Postman-Token:"f7da2043-e2dc-4339-8761-b0624cff11ba", Host:"localhost:8080", Accept-Encoding:"gzip, deflate, br", Connection:"keep-alive"]]
2026-07-27 20:56:09 TRACE org.zalando.logbook.Logbook - Outgoing Response: b258d622103fa76a
Duration: 20 ms
HTTP/1.1 200 OK
Cache-Control: no-cache, no-store, max-age=0, must-revalidate
Connection: keep-alive
Content-Type: application/json
Date: Mon, 27 Jul 2026 15:26:09 GMT
Expires: 0
Keep-Alive: timeout=60
Pragma: no-cache
Transfer-Encoding: chunked
X-Content-Type-Options: nosniff
X-XSS-Protection: 0

[{"id":4,"amount":500.0,"category":"Food","description":"Lunch","userEmail":"vinayak1@gmail.com","createdAt":"2026-07-27T20:55:50.900711"}]
2026-07-27 20:56:35 TRACE org.zalando.logbook.Logbook - Incoming Request: 9562041fae6592ce
Remote: 0:0:0:0:0:0:0:1
POST http://localhost:8080/aiexpense/api/expenses/add HTTP/1.1
Accept: */*
Accept-Encoding: gzip, deflate, br
Authorization: XXX
Connection: keep-alive
Content-Length: 75
Content-Type: application/json
Host: localhost:8080
Postman-Token: f95ff23f-6999-4fb8-b04d-b07caa1c4bf9
User-Agent: PostmanRuntime/7.54.0

{"amount":5000.5,"category":"Food","description":"Lunch"}
2026-07-27 20:56:35 DEBUG o.s.w.f.CommonsRequestLoggingFilter - Before request [POST /aiexpense/api/expenses/add, headers=[Authorization:"Bearer eyJhbGciOiJIUzI1NiJ9.eyJzdWIiOiJ2aW5heWFrMUBnbWFpbC5jb20iLCJpYXQiOjE3ODUxNjU5MzYsImV4cCI6MTc4NTE2OTUzNn0.wLpy7mW3127xLHudfzMb85PA__V6_Rt5J5tuP8QWEEM", User-Agent:"PostmanRuntime/7.54.0", Accept:"*/*", Postman-Token:"f95ff23f-6999-4fb8-b04d-b07caa1c4bf9", Host:"localhost:8080", Accept-Encoding:"gzip, deflate, br", Connection:"keep-alive", Content-Length:"75", Content-Type:"application/json;charset=UTF-8"]]
2026-07-27 20:56:35 DEBUG o.s.w.f.CommonsRequestLoggingFilter - After request [POST /aiexpense/api/expenses/add, headers=[Authorization:"Bearer eyJhbGciOiJIUzI1NiJ9.eyJzdWIiOiJ2aW5heWFrMUBnbWFpbC5jb20iLCJpYXQiOjE3ODUxNjU5MzYsImV4cCI6MTc4NTE2OTUzNn0.wLpy7mW3127xLHudfzMb85PA__V6_Rt5J5tuP8QWEEM", User-Agent:"PostmanRuntime/7.54.0", Accept:"*/*", Postman-Token:"f95ff23f-6999-4fb8-b04d-b07caa1c4bf9", Host:"localhost:8080", Accept-Encoding:"gzip, deflate, br", Connection:"keep-alive", Content-Length:"75", Content-Type:"application/json;charset=UTF-8"], payload={
  "amount": 5000.50,
  "category": "Food",
  "description": "Lunch"
}]
2026-07-27 20:56:35 TRACE org.zalando.logbook.Logbook - Outgoing Response: 9562041fae6592ce
Duration: 47 ms
HTTP/1.1 200 OK
Cache-Control: no-cache, no-store, max-age=0, must-revalidate
Connection: keep-alive
Content-Type: application/json
Date: Mon, 27 Jul 2026 15:26:35 GMT
Expires: 0
Keep-Alive: timeout=60
Pragma: no-cache
Transfer-Encoding: chunked
X-Content-Type-Options: nosniff
X-XSS-Protection: 0

{"id":5,"amount":5000.5,"category":"Food","description":"Lunch","userEmail":"vinayak1@gmail.com","createdAt":"2026-07-27T20:56:35.2540786"}
2026-07-27 20:56:49 TRACE org.zalando.logbook.Logbook - Incoming Request: a09e45deff755b33
Remote: 0:0:0:0:0:0:0:1
POST http://localhost:8080/aiexpense/api/expenses/add HTTP/1.1
Accept: */*
Accept-Encoding: gzip, deflate, br
Authorization: XXX
Connection: keep-alive
Content-Length: 76
Content-Type: application/json
Host: localhost:8080
Postman-Token: bae6d62e-aa62-4616-900d-4124bf585763
User-Agent: PostmanRuntime/7.54.0

{"amount":5000.5,"category":"FOOD","description":"DINNER"}
2026-07-27 20:56:49 DEBUG o.s.w.f.CommonsRequestLoggingFilter - Before request [POST /aiexpense/api/expenses/add, headers=[Authorization:"Bearer eyJhbGciOiJIUzI1NiJ9.eyJzdWIiOiJ2aW5heWFrMUBnbWFpbC5jb20iLCJpYXQiOjE3ODUxNjU5MzYsImV4cCI6MTc4NTE2OTUzNn0.wLpy7mW3127xLHudfzMb85PA__V6_Rt5J5tuP8QWEEM", User-Agent:"PostmanRuntime/7.54.0", Accept:"*/*", Postman-Token:"bae6d62e-aa62-4616-900d-4124bf585763", Host:"localhost:8080", Accept-Encoding:"gzip, deflate, br", Connection:"keep-alive", Content-Length:"76", Content-Type:"application/json;charset=UTF-8"]]
2026-07-27 20:56:49 DEBUG o.s.w.f.CommonsRequestLoggingFilter - After request [POST /aiexpense/api/expenses/add, headers=[Authorization:"Bearer eyJhbGciOiJIUzI1NiJ9.eyJzdWIiOiJ2aW5heWFrMUBnbWFpbC5jb20iLCJpYXQiOjE3ODUxNjU5MzYsImV4cCI6MTc4NTE2OTUzNn0.wLpy7mW3127xLHudfzMb85PA__V6_Rt5J5tuP8QWEEM", User-Agent:"PostmanRuntime/7.54.0", Accept:"*/*", Postman-Token:"bae6d62e-aa62-4616-900d-4124bf585763", Host:"localhost:8080", Accept-Encoding:"gzip, deflate, br", Connection:"keep-alive", Content-Length:"76", Content-Type:"application/json;charset=UTF-8"], payload={
  "amount": 5000.50,
  "category": "FOOD",
  "description": "DINNER"
}]
2026-07-27 20:56:49 TRACE org.zalando.logbook.Logbook - Outgoing Response: a09e45deff755b33
Duration: 33 ms
HTTP/1.1 200 OK
Cache-Control: no-cache, no-store, max-age=0, must-revalidate
Connection: keep-alive
Content-Type: application/json
Date: Mon, 27 Jul 2026 15:26:49 GMT
Expires: 0
Keep-Alive: timeout=60
Pragma: no-cache
Transfer-Encoding: chunked
X-Content-Type-Options: nosniff
X-XSS-Protection: 0

{"id":6,"amount":5000.5,"category":"FOOD","description":"DINNER","userEmail":"vinayak1@gmail.com","createdAt":"2026-07-27T20:56:49.6622219"}
2026-07-27 20:57:13 TRACE org.zalando.logbook.Logbook - Incoming Request: ec070eb492fce919
Remote: 0:0:0:0:0:0:0:1
GET http://localhost:8080/aiexpense/api/expenses/my HTTP/1.1
Accept: */*
Accept-Encoding: gzip, deflate, br
Authorization: XXX
Connection: keep-alive
Host: localhost:8080
Postman-Token: f6a9c881-a1f7-433c-8446-792098ae63f2
User-Agent: PostmanRuntime/7.54.0
2026-07-27 20:57:13 DEBUG o.s.w.f.CommonsRequestLoggingFilter - Before request [GET /aiexpense/api/expenses/my, headers=[Authorization:"Bearer eyJhbGciOiJIUzI1NiJ9.eyJzdWIiOiJ2aW5heWFrMUBnbWFpbC5jb20iLCJpYXQiOjE3ODUxNjU5MzYsImV4cCI6MTc4NTE2OTUzNn0.wLpy7mW3127xLHudfzMb85PA__V6_Rt5J5tuP8QWEEM", User-Agent:"PostmanRuntime/7.54.0", Accept:"*/*", Postman-Token:"f6a9c881-a1f7-433c-8446-792098ae63f2", Host:"localhost:8080", Accept-Encoding:"gzip, deflate, br", Connection:"keep-alive"]]
2026-07-27 20:57:14 DEBUG o.s.w.f.CommonsRequestLoggingFilter - After request [GET /aiexpense/api/expenses/my, headers=[Authorization:"Bearer eyJhbGciOiJIUzI1NiJ9.eyJzdWIiOiJ2aW5heWFrMUBnbWFpbC5jb20iLCJpYXQiOjE3ODUxNjU5MzYsImV4cCI6MTc4NTE2OTUzNn0.wLpy7mW3127xLHudfzMb85PA__V6_Rt5J5tuP8QWEEM", User-Agent:"PostmanRuntime/7.54.0", Accept:"*/*", Postman-Token:"f6a9c881-a1f7-433c-8446-792098ae63f2", Host:"localhost:8080", Accept-Encoding:"gzip, deflate, br", Connection:"keep-alive"]]
2026-07-27 20:57:14 TRACE org.zalando.logbook.Logbook - Outgoing Response: ec070eb492fce919
Duration: 22 ms
HTTP/1.1 200 OK
Cache-Control: no-cache, no-store, max-age=0, must-revalidate
Connection: keep-alive
Content-Type: application/json
Date: Mon, 27 Jul 2026 15:27:14 GMT
Expires: 0
Keep-Alive: timeout=60
Pragma: no-cache
Transfer-Encoding: chunked
X-Content-Type-Options: nosniff
X-XSS-Protection: 0

[{"id":4,"amount":500.0,"category":"Food","description":"Lunch","userEmail":"vinayak1@gmail.com","createdAt":"2026-07-27T20:55:50.900711"},{"id":5,"amount":5000.5,"category":"Food","description":"Lunch","userEmail":"vinayak1@gmail.com","createdAt":"2026-07-27T20:56:35.254079"},{"id":6,"amount":5000.5,"category":"FOOD","description":"DINNER","userEmail":"vinayak1@gmail.com","createdAt":"2026-07-27T20:56:49.662222"}]
2026-07-27 20:58:27 TRACE org.zalando.logbook.Logbook - Incoming Request: 87f477d60bc47e95
Remote: 0:0:0:0:0:0:0:1
PUT http://localhost:8080/aiexpense/api/expenses/%7B1%7D HTTP/1.1
Accept: */*
Accept-Encoding: gzip, deflate, br
Authorization: XXX
Connection: keep-alive
Content-Length: 76
Content-Type: application/json
Host: localhost:8080
Postman-Token: 8e8f8577-58e4-4645-8ffc-1f948cbbc35e
User-Agent: PostmanRuntime/7.54.0

{"amount":5002.5,"category":"FOOD","description":"DINNER"}
2026-07-27 20:58:27 DEBUG o.s.w.f.CommonsRequestLoggingFilter - Before request [PUT /aiexpense/api/expenses/%7B1%7D, headers=[Authorization:"Bearer eyJhbGciOiJIUzI1NiJ9.eyJzdWIiOiJ2aW5heWFrMUBnbWFpbC5jb20iLCJpYXQiOjE3ODUxNjU5MzYsImV4cCI6MTc4NTE2OTUzNn0.wLpy7mW3127xLHudfzMb85PA__V6_Rt5J5tuP8QWEEM", User-Agent:"PostmanRuntime/7.54.0", Accept:"*/*", Postman-Token:"8e8f8577-58e4-4645-8ffc-1f948cbbc35e", Host:"localhost:8080", Accept-Encoding:"gzip, deflate, br", Connection:"keep-alive", Content-Length:"76", Content-Type:"application/json;charset=UTF-8"]]
2026-07-27 20:58:27 WARN  o.s.w.s.m.m.a.ExceptionHandlerExceptionResolver - Resolved [org.springframework.web.method.annotation.MethodArgumentTypeMismatchException: Method parameter 'id': Failed to convert value of type 'java.lang.String' to required type 'java.lang.Long'; For input string: "{1}"]
2026-07-27 20:58:27 DEBUG o.s.w.f.CommonsRequestLoggingFilter - After request [PUT /aiexpense/api/expenses/%7B1%7D, headers=[Authorization:"Bearer eyJhbGciOiJIUzI1NiJ9.eyJzdWIiOiJ2aW5heWFrMUBnbWFpbC5jb20iLCJpYXQiOjE3ODUxNjU5MzYsImV4cCI6MTc4NTE2OTUzNn0.wLpy7mW3127xLHudfzMb85PA__V6_Rt5J5tuP8QWEEM", User-Agent:"PostmanRuntime/7.54.0", Accept:"*/*", Postman-Token:"8e8f8577-58e4-4645-8ffc-1f948cbbc35e", Host:"localhost:8080", Accept-Encoding:"gzip, deflate, br", Connection:"keep-alive", Content-Length:"76", Content-Type:"application/json;charset=UTF-8"]]
2026-07-27 20:58:27 TRACE org.zalando.logbook.Logbook - Outgoing Response: 87f477d60bc47e95
Duration: 74 ms
HTTP/1.1 500 Internal Server Error
Cache-Control: no-cache, no-store, max-age=0, must-revalidate
Connection: close
Content-Type: application/json
Date: Mon, 27 Jul 2026 15:28:27 GMT
Expires: 0
Pragma: no-cache
Transfer-Encoding: chunked
X-Content-Type-Options: nosniff
X-XSS-Protection: 0

{"error":"Internal Server Error","message":"Method parameter 'id': Failed to convert value of type 'java.lang.String' to required type 'java.lang.Long'; For input string: \"{1}\"","timestamp":"2026-07-27T20:58:27.397105","status":500}
2026-07-27 20:58:45 TRACE org.zalando.logbook.Logbook - Incoming Request: f3b066443f3247fd
Remote: 0:0:0:0:0:0:0:1
PUT http://localhost:8080/aiexpense/api/expenses/%7B1%7D HTTP/1.1
Accept: */*
Accept-Encoding: gzip, deflate, br
Authorization: XXX
Connection: keep-alive
Content-Length: 73
Content-Type: application/json
Host: localhost:8080
Postman-Token: 4a473b1e-43fd-4e94-a32b-6bf901c6b01c
User-Agent: PostmanRuntime/7.54.0

{"amount":5000,"category":"FOOD","description":"DINNER"}
2026-07-27 20:58:45 DEBUG o.s.w.f.CommonsRequestLoggingFilter - Before request [PUT /aiexpense/api/expenses/%7B1%7D, headers=[Authorization:"Bearer eyJhbGciOiJIUzI1NiJ9.eyJzdWIiOiJ2aW5heWFrMUBnbWFpbC5jb20iLCJpYXQiOjE3ODUxNjU5MzYsImV4cCI6MTc4NTE2OTUzNn0.wLpy7mW3127xLHudfzMb85PA__V6_Rt5J5tuP8QWEEM", User-Agent:"PostmanRuntime/7.54.0", Accept:"*/*", Postman-Token:"4a473b1e-43fd-4e94-a32b-6bf901c6b01c", Host:"localhost:8080", Accept-Encoding:"gzip, deflate, br", Connection:"keep-alive", Content-Length:"73", Content-Type:"application/json;charset=UTF-8"]]
2026-07-27 20:58:45 WARN  o.s.w.s.m.m.a.ExceptionHandlerExceptionResolver - Resolved [org.springframework.web.method.annotation.MethodArgumentTypeMismatchException: Method parameter 'id': Failed to convert value of type 'java.lang.String' to required type 'java.lang.Long'; For input string: "{1}"]
2026-07-27 20:58:45 DEBUG o.s.w.f.CommonsRequestLoggingFilter - After request [PUT /aiexpense/api/expenses/%7B1%7D, headers=[Authorization:"Bearer eyJhbGciOiJIUzI1NiJ9.eyJzdWIiOiJ2aW5heWFrMUBnbWFpbC5jb20iLCJpYXQiOjE3ODUxNjU5MzYsImV4cCI6MTc4NTE2OTUzNn0.wLpy7mW3127xLHudfzMb85PA__V6_Rt5J5tuP8QWEEM", User-Agent:"PostmanRuntime/7.54.0", Accept:"*/*", Postman-Token:"4a473b1e-43fd-4e94-a32b-6bf901c6b01c", Host:"localhost:8080", Accept-Encoding:"gzip, deflate, br", Connection:"keep-alive", Content-Length:"73", Content-Type:"application/json;charset=UTF-8"]]
2026-07-27 20:58:45 TRACE org.zalando.logbook.Logbook - Outgoing Response: f3b066443f3247fd
Duration: 25 ms
HTTP/1.1 500 Internal Server Error
Cache-Control: no-cache, no-store, max-age=0, must-revalidate
Connection: close
Content-Type: application/json
Date: Mon, 27 Jul 2026 15:28:45 GMT
Expires: 0
Pragma: no-cache
Transfer-Encoding: chunked
X-Content-Type-Options: nosniff
X-XSS-Protection: 0

{"error":"Internal Server Error","message":"Method parameter 'id': Failed to convert value of type 'java.lang.String' to required type 'java.lang.Long'; For input string: \"{1}\"","timestamp":"2026-07-27T20:58:45.2619597","status":500}
2026-07-27 20:59:52 TRACE org.zalando.logbook.Logbook - Incoming Request: e88011eaa1973ad7
Remote: 0:0:0:0:0:0:0:1
PUT http://localhost:8080/aiexpense/api/expenses/1 HTTP/1.1
Accept: */*
Accept-Encoding: gzip, deflate, br
Authorization: XXX
Connection: keep-alive
Content-Length: 73
Content-Type: application/json
Host: localhost:8080
Postman-Token: a8fba52d-6113-4368-84f7-8cf8339b2f8a
User-Agent: PostmanRuntime/7.54.0

{"amount":5000,"category":"FOOD","description":"DINNER"}
2026-07-27 20:59:52 DEBUG o.s.w.f.CommonsRequestLoggingFilter - Before request [PUT /aiexpense/api/expenses/1, headers=[Authorization:"Bearer eyJhbGciOiJIUzI1NiJ9.eyJzdWIiOiJ2aW5heWFrMUBnbWFpbC5jb20iLCJpYXQiOjE3ODUxNjU5MzYsImV4cCI6MTc4NTE2OTUzNn0.wLpy7mW3127xLHudfzMb85PA__V6_Rt5J5tuP8QWEEM", User-Agent:"PostmanRuntime/7.54.0", Accept:"*/*", Postman-Token:"a8fba52d-6113-4368-84f7-8cf8339b2f8a", Host:"localhost:8080", Accept-Encoding:"gzip, deflate, br", Connection:"keep-alive", Content-Length:"73", Content-Type:"application/json;charset=UTF-8"]]
2026-07-27 20:59:52 WARN  o.s.w.s.m.m.a.ExceptionHandlerExceptionResolver - Resolved [java.lang.RuntimeException: Expense not found]
2026-07-27 20:59:52 DEBUG o.s.w.f.CommonsRequestLoggingFilter - After request [PUT /aiexpense/api/expenses/1, headers=[Authorization:"Bearer eyJhbGciOiJIUzI1NiJ9.eyJzdWIiOiJ2aW5heWFrMUBnbWFpbC5jb20iLCJpYXQiOjE3ODUxNjU5MzYsImV4cCI6MTc4NTE2OTUzNn0.wLpy7mW3127xLHudfzMb85PA__V6_Rt5J5tuP8QWEEM", User-Agent:"PostmanRuntime/7.54.0", Accept:"*/*", Postman-Token:"a8fba52d-6113-4368-84f7-8cf8339b2f8a", Host:"localhost:8080", Accept-Encoding:"gzip, deflate, br", Connection:"keep-alive", Content-Length:"73", Content-Type:"application/json;charset=UTF-8"], payload={
  "amount": 5000,
  "category": "FOOD",
  "description": "DINNER"
}]
2026-07-27 20:59:52 TRACE org.zalando.logbook.Logbook - Outgoing Response: e88011eaa1973ad7
Duration: 60 ms
HTTP/1.1 500 Internal Server Error
Cache-Control: no-cache, no-store, max-age=0, must-revalidate
Connection: close
Content-Type: application/json
Date: Mon, 27 Jul 2026 15:29:52 GMT
Expires: 0
Pragma: no-cache
Transfer-Encoding: chunked
X-Content-Type-Options: nosniff
X-XSS-Protection: 0

{"error":"Internal Server Error","message":"Expense not found","timestamp":"2026-07-27T20:59:52.5713557","status":500}
2026-07-27 21:00:37 TRACE org.zalando.logbook.Logbook - Incoming Request: 83393b93af1a624e
Remote: 0:0:0:0:0:0:0:1
PUT http://localhost:8080/aiexpense/api/expenses/1 HTTP/1.1
Accept: */*
Accept-Encoding: gzip, deflate, br
Authorization: XXX
Connection: keep-alive
Content-Length: 0
Host: localhost:8080
Postman-Token: a8c52236-cb3e-4202-b413-e63c6637b993
User-Agent: PostmanRuntime/7.54.0
2026-07-27 21:00:37 DEBUG o.s.w.f.CommonsRequestLoggingFilter - Before request [PUT /aiexpense/api/expenses/1, headers=[Authorization:"Bearer eyJhbGciOiJIUzI1NiJ9.eyJzdWIiOiJ2aW5heWFrMUBnbWFpbC5jb20iLCJpYXQiOjE3ODUxNjU5MzYsImV4cCI6MTc4NTE2OTUzNn0.wLpy7mW3127xLHudfzMb85PA__V6_Rt5J5tuP8QWEEM", User-Agent:"PostmanRuntime/7.54.0", Accept:"*/*", Postman-Token:"a8c52236-cb3e-4202-b413-e63c6637b993", Host:"localhost:8080", Accept-Encoding:"gzip, deflate, br", Connection:"keep-alive", Content-Length:"0"]]
2026-07-27 21:00:37 WARN  o.s.w.s.m.m.a.ExceptionHandlerExceptionResolver - Resolved [org.springframework.http.converter.HttpMessageNotReadableException: Required request body is missing: public com.damon.ai.expense.trackerr.aiexpensetracker.model.Expense com.damon.ai.expense.trackerr.aiexpensetracker.controller.ExpenseController.updateExpense(java.lang.Long,com.damon.ai.expense.trackerr.aiexpensetracker.model.Expense,org.springframework.security.core.Authentication)]
2026-07-27 21:00:37 DEBUG o.s.w.f.CommonsRequestLoggingFilter - After request [PUT /aiexpense/api/expenses/1, headers=[Authorization:"Bearer eyJhbGciOiJIUzI1NiJ9.eyJzdWIiOiJ2aW5heWFrMUBnbWFpbC5jb20iLCJpYXQiOjE3ODUxNjU5MzYsImV4cCI6MTc4NTE2OTUzNn0.wLpy7mW3127xLHudfzMb85PA__V6_Rt5J5tuP8QWEEM", User-Agent:"PostmanRuntime/7.54.0", Accept:"*/*", Postman-Token:"a8c52236-cb3e-4202-b413-e63c6637b993", Host:"localhost:8080", Accept-Encoding:"gzip, deflate, br", Connection:"keep-alive", Content-Length:"0"]]
2026-07-27 21:00:37 TRACE org.zalando.logbook.Logbook - Outgoing Response: 83393b93af1a624e
Duration: 64 ms
HTTP/1.1 500 Internal Server Error
Cache-Control: no-cache, no-store, max-age=0, must-revalidate
Connection: close
Content-Type: application/json
Date: Mon, 27 Jul 2026 15:30:37 GMT
Expires: 0
Pragma: no-cache
Transfer-Encoding: chunked
X-Content-Type-Options: nosniff
X-XSS-Protection: 0

{"error":"Internal Server Error","message":"Required request body is missing: public com.damon.ai.expense.trackerr.aiexpensetracker.model.Expense com.damon.ai.expense.trackerr.aiexpensetracker.controller.ExpenseController.updateExpense(java.lang.Long,com.damon.ai.expense.trackerr.aiexpensetracker.model.Expense,org.springframework.security.core.Authentication)","timestamp":"2026-07-27T21:00:37.8979202","status":500}
2026-07-27 21:00:47 TRACE org.zalando.logbook.Logbook - Incoming Request: e3c4e0f1a5789be3
Remote: 0:0:0:0:0:0:0:1
PUT http://localhost:8080/aiexpense/api/expenses/1 HTTP/1.1
Accept: */*
Accept-Encoding: gzip, deflate, br
Authorization: XXX
Connection: keep-alive
Content-Length: 75
Content-Type: application/json
Host: localhost:8080
Postman-Token: fdf51159-545e-412b-aaab-e011eb3ad0f7
User-Agent: PostmanRuntime/7.54.0

{"amount":5000.0,"category":"FOOD","description":"DINNER"}
2026-07-27 21:00:47 DEBUG o.s.w.f.CommonsRequestLoggingFilter - Before request [PUT /aiexpense/api/expenses/1, headers=[Authorization:"Bearer eyJhbGciOiJIUzI1NiJ9.eyJzdWIiOiJ2aW5heWFrMUBnbWFpbC5jb20iLCJpYXQiOjE3ODUxNjU5MzYsImV4cCI6MTc4NTE2OTUzNn0.wLpy7mW3127xLHudfzMb85PA__V6_Rt5J5tuP8QWEEM", User-Agent:"PostmanRuntime/7.54.0", Accept:"*/*", Postman-Token:"fdf51159-545e-412b-aaab-e011eb3ad0f7", Host:"localhost:8080", Accept-Encoding:"gzip, deflate, br", Connection:"keep-alive", Content-Length:"75", Content-Type:"application/json;charset=UTF-8"]]
2026-07-27 21:00:47 WARN  o.s.w.s.m.m.a.ExceptionHandlerExceptionResolver - Resolved [java.lang.RuntimeException: Expense not found]
2026-07-27 21:00:47 DEBUG o.s.w.f.CommonsRequestLoggingFilter - After request [PUT /aiexpense/api/expenses/1, headers=[Authorization:"Bearer eyJhbGciOiJIUzI1NiJ9.eyJzdWIiOiJ2aW5heWFrMUBnbWFpbC5jb20iLCJpYXQiOjE3ODUxNjU5MzYsImV4cCI6MTc4NTE2OTUzNn0.wLpy7mW3127xLHudfzMb85PA__V6_Rt5J5tuP8QWEEM", User-Agent:"PostmanRuntime/7.54.0", Accept:"*/*", Postman-Token:"fdf51159-545e-412b-aaab-e011eb3ad0f7", Host:"localhost:8080", Accept-Encoding:"gzip, deflate, br", Connection:"keep-alive", Content-Length:"75", Content-Type:"application/json;charset=UTF-8"], payload={
  "amount": 5000.0,
  "category": "FOOD",
  "description": "DINNER"
}]
2026-07-27 21:00:47 TRACE org.zalando.logbook.Logbook - Outgoing Response: e3c4e0f1a5789be3
Duration: 24 ms
HTTP/1.1 500 Internal Server Error
Cache-Control: no-cache, no-store, max-age=0, must-revalidate
Connection: close
Content-Type: application/json
Date: Mon, 27 Jul 2026 15:30:47 GMT
Expires: 0
Pragma: no-cache
Transfer-Encoding: chunked
X-Content-Type-Options: nosniff
X-XSS-Protection: 0

{"error":"Internal Server Error","message":"Expense not found","timestamp":"2026-07-27T21:00:47.7552212","status":500}
2026-07-27 21:01:11 TRACE org.zalando.logbook.Logbook - Incoming Request: ee0b4df51432b7fa
Remote: 0:0:0:0:0:0:0:1
PUT http://localhost:8080/aiexpense/api/expenses/1 HTTP/1.1
Accept: */*
Accept-Encoding: gzip, deflate, br
Authorization: XXX
Connection: keep-alive
Content-Length: 75
Content-Type: application/json
Host: localhost:8080
Postman-Token: bd845f9d-df83-4b79-88ab-776f4f64a940
User-Agent: PostmanRuntime/7.54.0

{"amount":5000.0,"category":"FOOD","description":"DINNER"}
2026-07-27 21:01:11 DEBUG o.s.w.f.CommonsRequestLoggingFilter - Before request [PUT /aiexpense/api/expenses/1, headers=[Authorization:"Bearer eyJhbGciOiJIUzI1NiJ9.eyJzdWIiOiJ2aW5heWFrMUBnbWFpbC5jb20iLCJpYXQiOjE3ODUxNjU5MzYsImV4cCI6MTc4NTE2OTUzNn0.wLpy7mW3127xLHudfzMb85PA__V6_Rt5J5tuP8QWEEM", User-Agent:"PostmanRuntime/7.54.0", Accept:"*/*", Postman-Token:"bd845f9d-df83-4b79-88ab-776f4f64a940", Host:"localhost:8080", Accept-Encoding:"gzip, deflate, br", Connection:"keep-alive", Content-Length:"75", Content-Type:"application/json;charset=UTF-8"]]
2026-07-27 21:01:11 WARN  o.s.w.s.m.m.a.ExceptionHandlerExceptionResolver - Resolved [java.lang.RuntimeException: Expense not found]
2026-07-27 21:01:11 DEBUG o.s.w.f.CommonsRequestLoggingFilter - After request [PUT /aiexpense/api/expenses/1, headers=[Authorization:"Bearer eyJhbGciOiJIUzI1NiJ9.eyJzdWIiOiJ2aW5heWFrMUBnbWFpbC5jb20iLCJpYXQiOjE3ODUxNjU5MzYsImV4cCI6MTc4NTE2OTUzNn0.wLpy7mW3127xLHudfzMb85PA__V6_Rt5J5tuP8QWEEM", User-Agent:"PostmanRuntime/7.54.0", Accept:"*/*", Postman-Token:"bd845f9d-df83-4b79-88ab-776f4f64a940", Host:"localhost:8080", Accept-Encoding:"gzip, deflate, br", Connection:"keep-alive", Content-Length:"75", Content-Type:"application/json;charset=UTF-8"], payload={
  "amount": 5000.0,
  "category": "FOOD",
  "description": "DINNER"
}]
2026-07-27 21:01:11 TRACE org.zalando.logbook.Logbook - Outgoing Response: ee0b4df51432b7fa
Duration: 34 ms
HTTP/1.1 500 Internal Server Error
Cache-Control: no-cache, no-store, max-age=0, must-revalidate
Connection: close
Content-Type: application/json
Date: Mon, 27 Jul 2026 15:31:11 GMT
Expires: 0
Pragma: no-cache
Transfer-Encoding: chunked
X-Content-Type-Options: nosniff
X-XSS-Protection: 0

{"error":"Internal Server Error","message":"Expense not found","timestamp":"2026-07-27T21:01:11.3798152","status":500}
2026-07-27 21:03:19 TRACE org.zalando.logbook.Logbook - Incoming Request: a1a6a7a6f55032d6
Remote: 0:0:0:0:0:0:0:1
POST http://localhost:8080/aiexpense/api/expenses/update-userid HTTP/1.1
Accept: */*
Accept-Encoding: gzip, deflate, br
Connection: keep-alive
Content-Length: 28
Content-Type: application/json
Host: localhost:8080
Postman-Token: 922b64b1-866c-4fb9-a73f-8f446dbcf0e1
User-Agent: PostmanRuntime/7.54.0
2026-07-27 21:03:19 TRACE org.zalando.logbook.Logbook - Outgoing Response: a1a6a7a6f55032d6
Duration: 24 ms
HTTP/1.1 401 Unauthorized
Cache-Control: no-cache, no-store, max-age=0, must-revalidate
Connection: keep-alive
Content-Type: application/json
Date: Mon, 27 Jul 2026 15:33:19 GMT
Expires: 0
Keep-Alive: timeout=60
Pragma: no-cache
Transfer-Encoding: chunked
X-Content-Type-Options: nosniff
X-XSS-Protection: 0

{"status":401,"error":"UNAUTHORIZED","message":"Invalid or Missing JWT Token"}
2026-07-27 21:04:05 ERROR o.a.c.c.C.[.[.[.[dispatcherServlet] - Servlet.service() for servlet [dispatcherServlet] in context with path [/aiexpense] threw exception
io.jsonwebtoken.MalformedJwtException: JWT strings must contain exactly 2 period characters. Found: 0
	at io.jsonwebtoken.impl.DefaultJwtParser.parse(DefaultJwtParser.java:275)
	at io.jsonwebtoken.impl.DefaultJwtParser.parse(DefaultJwtParser.java:529)
	at io.jsonwebtoken.impl.DefaultJwtParser.parseClaimsJws(DefaultJwtParser.java:589)
	at io.jsonwebtoken.impl.ImmutableJwtParser.parseClaimsJws(ImmutableJwtParser.java:173)
	at com.damon.ai.expense.trackerr.aiexpensetracker.util.JwtUtil.extractUsername(JwtUtil.java:35)
	at com.damon.ai.expense.trackerr.aiexpensetracker.filter.JwtAuthFilter.doFilterInternal(JwtAuthFilter.java:48)
	at org.springframework.web.filter.OncePerRequestFilter.doFilter(OncePerRequestFilter.java:116)
	at org.springframework.security.web.FilterChainProxy$VirtualFilterChain.doFilter(FilterChainProxy.java:385)
	at org.springframework.security.web.authentication.logout.LogoutFilter.doFilter(LogoutFilter.java:110)
	at org.springframework.security.web.authentication.logout.LogoutFilter.doFilter(LogoutFilter.java:96)
	at org.springframework.security.web.FilterChainProxy$VirtualFilterChain.doFilter(FilterChainProxy.java:385)
	at org.springframework.security.web.header.HeaderWriterFilter.doHeadersAfter(HeaderWriterFilter.java:90)
	at org.springframework.security.web.header.HeaderWriterFilter.doFilterInternal(HeaderWriterFilter.java:75)
	at org.springframework.web.filter.OncePerRequestFilter.doFilter(OncePerRequestFilter.java:116)
	at org.springframework.security.web.FilterChainProxy$VirtualFilterChain.doFilter(FilterChainProxy.java:385)
	at org.springframework.security.web.context.SecurityContextHolderFilter.doFilter(SecurityContextHolderFilter.java:82)
	at org.springframework.security.web.context.SecurityContextHolderFilter.doFilter(SecurityContextHolderFilter.java:69)
	at org.springframework.security.web.FilterChainProxy$VirtualFilterChain.doFilter(FilterChainProxy.java:385)
	at org.springframework.security.web.context.request.async.WebAsyncManagerIntegrationFilter.doFilterInternal(WebAsyncManagerIntegrationFilter.java:62)
	at org.springframework.web.filter.OncePerRequestFilter.doFilter(OncePerRequestFilter.java:116)
	at org.springframework.security.web.FilterChainProxy$VirtualFilterChain.doFilter(FilterChainProxy.java:385)
	at org.springframework.security.web.session.DisableEncodeUrlFilter.doFilterInternal(DisableEncodeUrlFilter.java:42)
	at org.springframework.web.filter.OncePerRequestFilter.doFilter(OncePerRequestFilter.java:116)
	at org.springframework.security.web.FilterChainProxy$VirtualFilterChain.doFilter(FilterChainProxy.java:385)
	at org.springframework.security.web.FilterChainProxy.doFilterInternal(FilterChainProxy.java:237)
	at org.springframework.security.web.FilterChainProxy.doFilter(FilterChainProxy.java:195)
	at org.springframework.web.filter.CompositeFilter$VirtualFilterChain.doFilter(CompositeFilter.java:113)
	at org.springframework.web.filter.ServletRequestPathFilter.doFilter(ServletRequestPathFilter.java:52)
	at org.springframework.web.filter.CompositeFilter$VirtualFilterChain.doFilter(CompositeFilter.java:113)
	at org.springframework.web.filter.CompositeFilter.doFilter(CompositeFilter.java:74)
	at org.springframework.security.config.annotation.web.configuration.WebSecurityConfiguration$CompositeFilterChainProxy.doFilter(WebSecurityConfiguration.java:317)
	at org.springframework.web.filter.DelegatingFilterProxy.invokeDelegate(DelegatingFilterProxy.java:355)
	at org.springframework.web.filter.DelegatingFilterProxy.doFilter(DelegatingFilterProxy.java:272)
	at org.apache.catalina.core.ApplicationFilterChain.doFilter(ApplicationFilterChain.java:107)
	at org.springframework.web.filter.RequestContextFilter.doFilterInternal(RequestContextFilter.java:100)
	at org.springframework.web.filter.OncePerRequestFilter.doFilter(OncePerRequestFilter.java:116)
	at org.apache.catalina.core.ApplicationFilterChain.doFilter(ApplicationFilterChain.java:107)
	at org.springframework.web.filter.FormContentFilter.doFilterInternal(FormContentFilter.java:93)
	at org.springframework.web.filter.OncePerRequestFilter.doFilter(OncePerRequestFilter.java:116)
	at org.apache.catalina.core.ApplicationFilterChain.doFilter(ApplicationFilterChain.java:107)
	at org.zalando.logbook.servlet.LogbookFilter.doFilter(LogbookFilter.java:76)
	at org.zalando.logbook.servlet.SecureLogbookFilter.doFilter(SecureLogbookFilter.java:32)
	at org.zalando.logbook.servlet.HttpFilter.doFilter(HttpFilter.java:32)
	at org.apache.catalina.core.ApplicationFilterChain.doFilter(ApplicationFilterChain.java:107)
	at org.springframework.web.filter.CharacterEncodingFilter.doFilterInternal(CharacterEncodingFilter.java:199)
	at org.springframework.web.filter.OncePerRequestFilter.doFilter(OncePerRequestFilter.java:116)
	at org.apache.catalina.core.ApplicationFilterChain.doFilter(ApplicationFilterChain.java:107)
	at org.apache.catalina.core.StandardWrapperValve.invoke(StandardWrapperValve.java:165)
	at org.apache.catalina.core.StandardContextValve.invoke(StandardContextValve.java:77)
	at org.apache.catalina.authenticator.AuthenticatorBase.invoke(AuthenticatorBase.java:492)
	at org.apache.catalina.core.StandardHostValve.invoke(StandardHostValve.java:113)
	at org.apache.catalina.valves.ErrorReportValve.invoke(ErrorReportValve.java:83)
	at org.apache.catalina.core.StandardEngineValve.invoke(StandardEngineValve.java:72)
	at org.apache.catalina.connector.CoyoteAdapter.service(CoyoteAdapter.java:341)
	at org.apache.coyote.http11.Http11Processor.service(Http11Processor.java:397)
	at org.apache.coyote.AbstractProcessorLight.process(AbstractProcessorLight.java:63)
	at org.apache.coyote.AbstractProtocol$ConnectionHandler.process(AbstractProtocol.java:1272)
	at org.apache.tomcat.util.net.NioEndpoint$SocketProcessor.doRun(NioEndpoint.java:1801)
	at org.apache.tomcat.util.net.SocketProcessorBase.run(SocketProcessorBase.java:52)
	at org.apache.tomcat.util.threads.ThreadPoolExecutor.runWorker(ThreadPoolExecutor.java:946)
	at org.apache.tomcat.util.threads.ThreadPoolExecutor$Worker.run(ThreadPoolExecutor.java:480)
	at org.apache.tomcat.util.threads.TaskThread$WrappingRunnable.run(TaskThread.java:57)
	at java.base/java.lang.Thread.run(Thread.java:1583)
2026-07-27 21:04:24 TRACE org.zalando.logbook.Logbook - Incoming Request: 94e3a8d1611a22a5
Remote: 0:0:0:0:0:0:0:1
POST http://localhost:8080/aiexpense/api/expenses/update-userid HTTP/1.1
Accept: */*
Accept-Encoding: gzip, deflate, br
Authorization: XXX
Connection: keep-alive
Content-Length: 28
Content-Type: application/json
Host: localhost:8080
Postman-Token: 880df4a6-2f84-4b85-97ad-9156e00b928e
User-Agent: PostmanRuntime/7.54.0

{"userId":"vinayak"}
2026-07-27 21:04:24 DEBUG o.s.w.f.CommonsRequestLoggingFilter - Before request [POST /aiexpense/api/expenses/update-userid, headers=[Authorization:"Bearer eyJhbGciOiJIUzI1NiJ9.eyJzdWIiOiJ2aW5heWFrMUBnbWFpbC5jb20iLCJpYXQiOjE3ODUxNjU5MzYsImV4cCI6MTc4NTE2OTUzNn0.wLpy7mW3127xLHudfzMb85PA__V6_Rt5J5tuP8QWEEM", User-Agent:"PostmanRuntime/7.54.0", Accept:"*/*", Postman-Token:"880df4a6-2f84-4b85-97ad-9156e00b928e", Host:"localhost:8080", Accept-Encoding:"gzip, deflate, br", Connection:"keep-alive", Content-Length:"28", Content-Type:"application/json;charset=UTF-8"]]
2026-07-27 21:04:24 WARN  o.s.w.s.m.m.a.ExceptionHandlerExceptionResolver - Resolved [org.springframework.web.HttpRequestMethodNotSupportedException: Request method 'POST' is not supported]
2026-07-27 21:04:24 DEBUG o.s.w.f.CommonsRequestLoggingFilter - After request [POST /aiexpense/api/expenses/update-userid, headers=[Authorization:"Bearer eyJhbGciOiJIUzI1NiJ9.eyJzdWIiOiJ2aW5heWFrMUBnbWFpbC5jb20iLCJpYXQiOjE3ODUxNjU5MzYsImV4cCI6MTc4NTE2OTUzNn0.wLpy7mW3127xLHudfzMb85PA__V6_Rt5J5tuP8QWEEM", User-Agent:"PostmanRuntime/7.54.0", Accept:"*/*", Postman-Token:"880df4a6-2f84-4b85-97ad-9156e00b928e", Host:"localhost:8080", Accept-Encoding:"gzip, deflate, br", Connection:"keep-alive", Content-Length:"28", Content-Type:"application/json;charset=UTF-8"]]
2026-07-27 21:04:24 TRACE org.zalando.logbook.Logbook - Outgoing Response: 94e3a8d1611a22a5
Duration: 139 ms
HTTP/1.1 500 Internal Server Error
Cache-Control: no-cache, no-store, max-age=0, must-revalidate
Connection: close
Content-Type: application/json
Date: Mon, 27 Jul 2026 15:34:24 GMT
Expires: 0
Pragma: no-cache
Transfer-Encoding: chunked
X-Content-Type-Options: nosniff
X-XSS-Protection: 0

{"error":"Internal Server Error","message":"Request method 'POST' is not supported","timestamp":"2026-07-27T21:04:24.945958","status":500}
2026-07-27 21:04:50 TRACE org.zalando.logbook.Logbook - Incoming Request: 8e074d6f3f8cf7c3
Remote: 0:0:0:0:0:0:0:1
POST http://localhost:8080/aiexpense/api/users/update-userid HTTP/1.1
Accept: */*
Accept-Encoding: gzip, deflate, br
Authorization: XXX
Connection: keep-alive
Content-Length: 28
Content-Type: application/json
Host: localhost:8080
Postman-Token: b30c1046-790f-4b9d-a058-29d09299178b
User-Agent: PostmanRuntime/7.54.0

{"userId":"vinayak"}
2026-07-27 21:04:50 DEBUG o.s.w.f.CommonsRequestLoggingFilter - Before request [POST /aiexpense/api/users/update-userid, headers=[Authorization:"Bearer eyJhbGciOiJIUzI1NiJ9.eyJzdWIiOiJ2aW5heWFrMUBnbWFpbC5jb20iLCJpYXQiOjE3ODUxNjU5MzYsImV4cCI6MTc4NTE2OTUzNn0.wLpy7mW3127xLHudfzMb85PA__V6_Rt5J5tuP8QWEEM", User-Agent:"PostmanRuntime/7.54.0", Accept:"*/*", Postman-Token:"b30c1046-790f-4b9d-a058-29d09299178b", Host:"localhost:8080", Accept-Encoding:"gzip, deflate, br", Connection:"keep-alive", Content-Length:"28", Content-Type:"application/json;charset=UTF-8"]]
2026-07-27 21:04:51 DEBUG o.s.w.f.CommonsRequestLoggingFilter - After request [POST /aiexpense/api/users/update-userid, headers=[Authorization:"Bearer eyJhbGciOiJIUzI1NiJ9.eyJzdWIiOiJ2aW5heWFrMUBnbWFpbC5jb20iLCJpYXQiOjE3ODUxNjU5MzYsImV4cCI6MTc4NTE2OTUzNn0.wLpy7mW3127xLHudfzMb85PA__V6_Rt5J5tuP8QWEEM", User-Agent:"PostmanRuntime/7.54.0", Accept:"*/*", Postman-Token:"b30c1046-790f-4b9d-a058-29d09299178b", Host:"localhost:8080", Accept-Encoding:"gzip, deflate, br", Connection:"keep-alive", Content-Length:"28", Content-Type:"application/json;charset=UTF-8"], payload={
    "userId":"vinayak"
}]
2026-07-27 21:04:51 TRACE org.zalando.logbook.Logbook - Outgoing Response: 8e074d6f3f8cf7c3
Duration: 468 ms
HTTP/1.1 200 OK
Cache-Control: no-cache, no-store, max-age=0, must-revalidate
Connection: keep-alive
Content-Length: 28
Content-Type: text/plain;charset=UTF-8
Date: Mon, 27 Jul 2026 15:34:51 GMT
Expires: 0
Keep-Alive: timeout=60
Pragma: no-cache
X-Content-Type-Options: nosniff
X-XSS-Protection: 0

User ID updated successfully
